StrategyID,Strategy,StrategyComplexity,RequestedStrategy,AcceptanceRule,RequireModelAgreement,UseViewSD,UseFeatureTypicality,ConfidenceThreshold,ViewSDThreshold,FeaturePercentileThreshold,ViewSDGateActive,FeatureGateActive,TotalCount,AcceptedCount,DeferredCount,Coverage,CoveragePercent,ReviewRate,ReviewRatePercent,AcceptedErrors,AcceptedErrorRate,AcceptedErrorPercent,AcceptedAccuracy,AcceptedSensitivity,AcceptedSpecificity,AcceptedBalancedAccuracy,FalseNegativesAmongAccepted,AcceptedTruePositives,AcceptedTrueNegatives,AcceptedFalsePositives,AcceptedFalseNegatives
confidence_only,Confidence only,1,True,PrimaryConfidenceMargin >= ConfidenceThreshold,False,False,False,inf,,,False,False,120,0,120,0,0,1,100,0,,,,,,,0,0,0,0,0
confidence_only,Confidence only,1,True,PrimaryConfidenceMargin >= ConfidenceThreshold,False,False,False,7.6831209953185766,,,False,False,120,1,119,0.0083333333333333332,0.83333333333333337,0.9916666666666667,99.166666666666671,0,0,0,1,1,,,0,1,0,0,0
confidence_only,Confidence only,1,True,PrimaryConfidenceMargin >= ConfidenceThreshold,False,False,False,6.6856964866057425,,,False,False,120,2,118,0.016666666666666666,1.6666666666666667,0.98333333333333328,98.333333333333329,0,0,0,1,1,,,0,2,0,0,0
confidence_only,Confidence only,1,True,PrimaryConfidenceMargin >= ConfidenceThreshold,False,False,False,6.6488173728535465,,,False,False,120,3,117,0.025000000000000001,2.5,0.97499999999999998,97.5,0,0,0,1,1,,,0,3,0,0,0
confidence_only,Confidence only,1,True,PrimaryConfidenceMargin >= ConfidenceThreshold,False,False,False,6.5773796704546772,,,False,False,120,4,116,0.033333333333333333,3.3333333333333335,0.96666666666666667,96.666666666666671,0,0,0,1,1,,,0,4,0,0,0
confidence_only,Confidence only,1,True,PrimaryConfidenceMargin >= ConfidenceThreshold,False,False,False,6.3458647179932628,,,False,False,120,5,115,0.041666666666666664,4.166666666666667,0.95833333333333337,95.833333333333329,0,0,0,1,1,,,0,5,0,0,0
confidence_only,Confidence only,1,True,PrimaryConfidenceMargin >= ConfidenceThreshold,False,False,False,6.2098610748637686,,,False,False,120,6,114,0.050000000000000003,5,0.94999999999999996,95,0,0,0,1,1,,,0,6,0,0,0
confidence_only,Confidence only,1,True,PrimaryConfidenceMargin >= ConfidenceThreshold,False,False,False,6.1881994063343893,,,False,False,120,7,113,0.058333333333333334,5.833333333333333,0.94166666666666665,94.166666666666671,0,0,0,1,1,,,0,7,0,0,0
confidence_only,Confidence only,1,True,PrimaryConfidenceMargin >= ConfidenceThreshold,False,False,False,6.185215732493913,,,False,False,120,8,112,0.066666666666666666,6.666666666666667,0.93333333333333335,93.333333333333329,0,0,0,1,1,,,0,8,0,0,0
confidence_only,Confidence only,1,True,PrimaryConfidenceMargin >= ConfidenceThreshold,False,False,False,6.0812452116579809,,,False,False,120,9,111,0.074999999999999997,7.5,0.92500000000000004,92.5,0,0,0,1,1,,,0,9,0,0,0
confidence_only,Confidence only,1,True,PrimaryConfidenceMargin >= ConfidenceThreshold,False,False,False,5.9995846087355114,,,False,False,120,10,110,0.083333333333333329,8.3333333333333339,0.91666666666666663,91.666666666666671,0,0,0,1,1,,,0,10,0,0,0
confidence_only,Confidence only,1,True,PrimaryConfidenceMargin >= ConfidenceThreshold,False,False,False,5.8910641863515174,,,False,False,120,11,109,0.09166666666666666,9.1666666666666661,0.90833333333333333,90.833333333333329,0,0,0,1,1,,,0,11,0,0,0
confidence_only,Confidence only,1,True,PrimaryConfidenceMargin >= ConfidenceThreshold,False,False,False,5.7602437231072496,,,False,False,120,12,108,0.10000000000000001,10,0.90000000000000002,90,0,0,0,1,1,,,0,12,0,0,0
confidence_only,Confidence only,1,True,PrimaryConfidenceMargin >= ConfidenceThreshold,False,False,False,5.7529399846346703,,,False,False,120,13,107,0.10833333333333334,10.833333333333334,0.89166666666666672,89.166666666666671,0,0,0,1,1,,,0,13,0,0,0
confidence_only,Confidence only,1,True,PrimaryConfidenceMargin >= ConfidenceThreshold,False,False,False,5.6253442424435782,,,False,False,120,14,106,0.11666666666666667,11.666666666666666,0.8833333333333333,88.333333333333329,0,0,0,1,1,,,0,14,0,0,0
confidence_only,Confidence only,1,True,PrimaryConfidenceMargin >= ConfidenceThreshold,False,False,False,5.5534049928315135,,,False,False,120,15,105,0.125,12.5,0.875,87.5,0,0,0,1,1,,,0,15,0,0,0
confidence_only,Confidence only,1,True,PrimaryConfidenceMargin >= ConfidenceThreshold,False,False,False,5.5282075543019378,,,False,False,120,16,104,0.13333333333333333,13.333333333333334,0.8666666666666667,86.666666666666671,0,0,0,1,1,,,0,16,0,0,0
confidence_only,Confidence only,1,True,PrimaryConfidenceMargin >= ConfidenceThreshold,False,False,False,5.5210396354694415,,,False,False,120,17,103,0.14166666666666666,14.166666666666666,0.85833333333333328,85.833333333333329,0,0,0,1,1,,,0,17,0,0,0
confidence_only,Confidence only,1,True,PrimaryConfidenceMargin >= ConfidenceThreshold,False,False,False,5.509511693637088,,,False,False,120,18,102,0.14999999999999999,15,0.84999999999999998,85,0,0,0,1,1,,,0,18,0,0,0
confidence_only,Confidence only,1,True,PrimaryConfidenceMargin >= ConfidenceThreshold,False,False,False,5.4849939806468431,,,False,False,120,19,101,0.15833333333333333,15.833333333333334,0.84166666666666667,84.166666666666671,0,0,0,1,1,,,0,19,0,0,0
confidence_only,Confidence only,1,True,PrimaryConfidenceMargin >= ConfidenceThreshold,False,False,False,5.4079531812667412,,,False,False,120,20,100,0.16666666666666666,16.666666666666668,0.83333333333333337,83.333333333333329,0,0,0,1,1,,,0,20,0,0,0
confidence_only,Confidence only,1,True,PrimaryConfidenceMargin >= ConfidenceThreshold,False,False,False,5.3785563042948645,,,False,False,120,21,99,0.17499999999999999,17.5,0.82499999999999996,82.5,0,0,0,1,1,,,0,21,0,0,0
confidence_only,Confidence only,1,True,PrimaryConfidenceMargin >= ConfidenceThreshold,False,False,False,5.3571859882912509,,,False,False,120,22,98,0.18333333333333332,18.333333333333332,0.81666666666666665,81.666666666666671,0,0,0,1,1,,,0,22,0,0,0
confidence_only,Confidence only,1,True,PrimaryConfidenceMargin >= ConfidenceThreshold,False,False,False,5.2406772398779573,,,False,False,120,23,97,0.19166666666666668,19.166666666666668,0.80833333333333335,80.833333333333329,0,0,0,1,1,,,0,23,0,0,0
confidence_only,Confidence only,1,True,PrimaryConfidenceMargin >= ConfidenceThreshold,False,False,False,5.1956574951494776,,,False,False,120,24,96,0.20000000000000001,20,0.80000000000000004,80,0,0,0,1,1,,,0,24,0,0,0
confidence_only,Confidence only,1,True,PrimaryConfidenceMargin >= ConfidenceThreshold,False,False,False,5.1680954394426184,,,False,False,120,25,95,0.20833333333333334,20.833333333333332,0.79166666666666663,79.166666666666671,0,0,0,1,1,,,0,25,0,0,0
confidence_only,Confidence only,1,True,PrimaryConfidenceMargin >= ConfidenceThreshold,False,False,False,5.1380611437872421,,,False,False,120,26,94,0.21666666666666667,21.666666666666668,0.78333333333333333,78.333333333333329,0,0,0,1,1,,,0,26,0,0,0
confidence_only,Confidence only,1,True,PrimaryConfidenceMargin >= ConfidenceThreshold,False,False,False,5.084223529810421,,,False,False,120,27,93,0.22500000000000001,22.5,0.77500000000000002,77.5,0,0,0,1,1,,,0,27,0,0,0
confidence_only,Confidence only,1,True,PrimaryConfidenceMargin >= ConfidenceThreshold,False,False,False,5.0706383787726086,,,False,False,120,28,92,0.23333333333333334,23.333333333333332,0.76666666666666672,76.666666666666671,0,0,0,1,1,,,0,28,0,0,0
confidence_only,Confidence only,1,True,PrimaryConfidenceMargin >= ConfidenceThreshold,False,False,False,5.0409589609016274,,,False,False,120,29,91,0.24166666666666667,24.166666666666668,0.7583333333333333,75.833333333333329,0,0,0,1,1,,,0,29,0,0,0
confidence_only,Confidence only,1,True,PrimaryConfidenceMargin >= ConfidenceThreshold,False,False,False,5.0002677546048542,,,False,False,120,30,90,0.25,25,0.75,75,0,0,0,1,1,,,0,30,0,0,0
confidence_only,Confidence only,1,True,PrimaryConfidenceMargin >= ConfidenceThreshold,False,False,False,4.9726242996704899,,,False,False,120,31,89,0.25833333333333336,25.833333333333332,0.7416666666666667,74.166666666666671,0,0,0,1,1,,,0,31,0,0,0
confidence_only,Confidence only,1,True,PrimaryConfidenceMargin >= ConfidenceThreshold,False,False,False,4.9622043863965981,,,False,False,120,32,88,0.26666666666666666,26.666666666666668,0.73333333333333328,73.333333333333329,0,0,0,1,1,,,0,32,0,0,0
confidence_only,Confidence only,1,True,PrimaryConfidenceMargin >= ConfidenceThreshold,False,False,False,4.9303703606799978,,,False,False,120,33,87,0.27500000000000002,27.5,0.72499999999999998,72.5,0,0,0,1,1,,,0,33,0,0,0
confidence_only,Confidence only,1,True,PrimaryConfidenceMargin >= ConfidenceThreshold,False,False,False,4.9238478726277499,,,False,False,120,34,86,0.28333333333333333,28.333333333333332,0.71666666666666667,71.666666666666671,0,0,0,1,1,,,0,34,0,0,0
confidence_only,Confidence only,1,True,PrimaryConfidenceMargin >= ConfidenceThreshold,False,False,False,4.8669551728462563,,,False,False,120,35,85,0.29166666666666669,29.166666666666668,0.70833333333333337,70.833333333333329,0,0,0,1,1,,,0,35,0,0,0
confidence_only,Confidence only,1,True,PrimaryConfidenceMargin >= ConfidenceThreshold,False,False,False,4.8518445696806269,,,False,False,120,36,84,0.29999999999999999,30,0.69999999999999996,70,0,0,0,1,1,,,0,36,0,0,0
confidence_only,Confidence only,1,True,PrimaryConfidenceMargin >= ConfidenceThreshold,False,False,False,4.7047127187796765,,,False,False,120,37,83,0.30833333333333335,30.833333333333332,0.69166666666666665,69.166666666666671,0,0,0,1,1,,,0,37,0,0,0
confidence_only,Confidence only,1,True,PrimaryConfidenceMargin >= ConfidenceThreshold,False,False,False,4.6401546378499363,,,False,False,120,38,82,0.31666666666666665,31.666666666666668,0.68333333333333335,68.333333333333329,0,0,0,1,1,,,0,38,0,0,0
confidence_only,Confidence only,1,True,PrimaryConfidenceMargin >= ConfidenceThreshold,False,False,False,4.5688373344367577,,,False,False,120,39,81,0.32500000000000001,32.5,0.67500000000000004,67.5,0,0,0,1,1,,,0,39,0,0,0
confidence_only,Confidence only,1,True,PrimaryConfidenceMargin >= ConfidenceThreshold,False,False,False,4.5353848331452493,,,False,False,120,40,80,0.33333333333333331,33.333333333333336,0.66666666666666663,66.666666666666671,0,0,0,1,1,,,0,40,0,0,0
confidence_only,Confidence only,1,True,PrimaryConfidenceMargin >= ConfidenceThreshold,False,False,False,4.4671983915927962,,,False,False,120,41,79,0.34166666666666667,34.166666666666664,0.65833333333333333,65.833333333333329,0,0,0,1,1,,,0,41,0,0,0
confidence_only,Confidence only,1,True,PrimaryConfidenceMargin >= ConfidenceThreshold,False,False,False,4.3839251773368861,,,False,False,120,42,78,0.34999999999999998,35,0.65000000000000002,65,0,0,0,1,1,,,0,42,0,0,0
confidence_only,Confidence only,1,True,PrimaryConfidenceMargin >= ConfidenceThreshold,False,False,False,4.308449584088387,,,False,False,120,43,77,0.35833333333333334,35.833333333333336,0.64166666666666672,64.166666666666671,0,0,0,1,1,,,0,43,0,0,0
confidence_only,Confidence only,1,True,PrimaryConfidenceMargin >= ConfidenceThreshold,False,False,False,4.1826687122337951,,,False,False,120,44,76,0.36666666666666664,36.666666666666664,0.6333333333333333,63.333333333333336,0,0,0,1,1,,,0,44,0,0,0
confidence_only,Confidence only,1,True,PrimaryConfidenceMargin >= ConfidenceThreshold,False,False,False,4.1365523083628792,,,False,False,120,45,75,0.375,37.5,0.625,62.5,0,0,0,1,1,,,0,45,0,0,0
confidence_only,Confidence only,1,True,PrimaryConfidenceMargin >= ConfidenceThreshold,False,False,False,4.1253952614901035,,,False,False,120,46,74,0.38333333333333336,38.333333333333336,0.6166666666666667,61.666666666666664,0,0,0,1,1,,,0,46,0,0,0
confidence_only,Confidence only,1,True,PrimaryConfidenceMargin >= ConfidenceThreshold,False,False,False,4.1130530370013672,,,False,False,120,47,73,0.39166666666666666,39.166666666666664,0.60833333333333328,60.833333333333336,0,0,0,1,1,,,0,47,0,0,0
confidence_only,Confidence only,1,True,PrimaryConfidenceMargin >= ConfidenceThreshold,False,False,False,4.1114447297278582,,,False,False,120,48,72,0.40000000000000002,40,0.59999999999999998,60,0,0,0,1,1,,,0,48,0,0,0
confidence_only,Confidence only,1,True,PrimaryConfidenceMargin >= ConfidenceThreshold,False,False,False,4.0262800644953263,,,False,False,120,49,71,0.40833333333333333,40.833333333333336,0.59166666666666667,59.166666666666664,0,0,0,1,1,,,0,49,0,0,0
confidence_only,Confidence only,1,True,PrimaryConfidenceMargin >= ConfidenceThreshold,False,False,False,3.7534046116307165,,,False,False,120,50,70,0.41666666666666669,41.666666666666664,0.58333333333333337,58.333333333333336,0,0,0,1,1,,,0,50,0,0,0
confidence_only,Confidence only,1,True,PrimaryConfidenceMargin >= ConfidenceThreshold,False,False,False,3.6997264491816999,,,False,False,120,51,69,0.42499999999999999,42.5,0.57499999999999996,57.5,0,0,0,1,1,,,0,51,0,0,0
confidence_only,Confidence only,1,True,PrimaryConfidenceMargin >= ConfidenceThreshold,False,False,False,3.51671879185636,,,False,False,120,52,68,0.43333333333333335,43.333333333333336,0.56666666666666665,56.666666666666664,0,0,0,1,1,,,0,52,0,0,0
confidence_only,Confidence only,1,True,PrimaryConfidenceMargin >= ConfidenceThreshold,False,False,False,3.4830477429825848,,,False,False,120,53,67,0.44166666666666665,44.166666666666664,0.55833333333333335,55.833333333333336,0,0,0,1,1,,,0,53,0,0,0
confidence_only,Confidence only,1,True,PrimaryConfidenceMargin >= ConfidenceThreshold,False,False,False,3.4334308260245816,,,False,False,120,54,66,0.45000000000000001,45,0.55000000000000004,55,0,0,0,1,1,,,0,54,0,0,0
confidence_only,Confidence only,1,True,PrimaryConfidenceMargin >= ConfidenceThreshold,False,False,False,3.1864765549721508,,,False,False,120,55,65,0.45833333333333331,45.833333333333336,0.54166666666666663,54.166666666666664,0,0,0,1,1,,,0,55,0,0,0
confidence_only,Confidence only,1,True,PrimaryConfidenceMargin >= ConfidenceThreshold,False,False,False,3.1215456190010742,,,False,False,120,56,64,0.46666666666666667,46.666666666666664,0.53333333333333333,53.333333333333336,0,0,0,1,1,,,0,56,0,0,0
confidence_only,Confidence only,1,True,PrimaryConfidenceMargin >= ConfidenceThreshold,False,False,False,3.0973517214122892,,,False,False,120,57,63,0.47499999999999998,47.5,0.52500000000000002,52.5,0,0,0,1,1,1,1,0,56,1,0,0
confidence_only,Confidence only,1,True,PrimaryConfidenceMargin >= ConfidenceThreshold,False,False,False,2.8795473957240052,,,False,False,120,58,62,0.48333333333333334,48.333333333333336,0.51666666666666672,51.666666666666664,0,0,0,1,1,1,1,0,57,1,0,0
confidence_only,Confidence only,1,True,PrimaryConfidenceMargin >= ConfidenceThreshold,False,False,False,2.8073297849695087,,,False,False,120,59,61,0.49166666666666664,49.166666666666664,0.5083333333333333,50.833333333333336,0,0,0,1,1,1,1,0,57,2,0,0
confidence_only,Confidence only,1,True,PrimaryConfidenceMargin >= ConfidenceThreshold,False,False,False,2.7774445572096869,,,False,False,120,60,60,0.5,50,0.5,50,0,0,0,1,1,1,1,0,57,3,0,0
confidence_only,Confidence only,1,True,PrimaryConfidenceMargin >= ConfidenceThreshold,False,False,False,2.7052958606332651,,,False,False,120,61,59,0.5083333333333333,50.833333333333336,0.49166666666666664,49.166666666666664,0,0,0,1,1,1,1,0,58,3,0,0
confidence_only,Confidence only,1,True,PrimaryConfidenceMargin >= ConfidenceThreshold,False,False,False,2.5563292901410848,,,False,False,120,62,58,0.51666666666666672,51.666666666666664,0.48333333333333334,48.333333333333336,0,0,0,1,1,1,1,0,58,4,0,0
confidence_only,Confidence only,1,True,PrimaryConfidenceMargin >= ConfidenceThreshold,False,False,False,2.4215075101575114,,,False,False,120,63,57,0.52500000000000002,52.5,0.47499999999999998,47.5,0,0,0,1,1,1,1,0,58,5,0,0
confidence_only,Confidence only,1,True,PrimaryConfidenceMargin >= ConfidenceThreshold,False,False,False,2.3660370520422691,,,False,False,120,64,56,0.53333333333333333,53.333333333333336,0.46666666666666667,46.666666666666664,0,0,0,1,1,1,1,0,58,6,0,0
confidence_only,Confidence only,1,True,PrimaryConfidenceMargin >= ConfidenceThreshold,False,False,False,2.326630215597373,,,False,False,120,65,55,0.54166666666666663,54.166666666666664,0.45833333333333331,45.833333333333336,0,0,0,1,1,1,1,0,58,7,0,0
confidence_only,Confidence only,1,True,PrimaryConfidenceMargin >= ConfidenceThreshold,False,False,False,2.2857694226834049,,,False,False,120,66,54,0.55000000000000004,55,0.45000000000000001,45,0,0,0,1,1,1,1,0,59,7,0,0
confidence_only,Confidence only,1,True,PrimaryConfidenceMargin >= ConfidenceThreshold,False,False,False,2.2761303594308688,,,False,False,120,67,53,0.55833333333333335,55.833333333333336,0.44166666666666665,44.166666666666664,0,0,0,1,1,1,1,0,59,8,0,0
confidence_only,Confidence only,1,True,PrimaryConfidenceMargin >= ConfidenceThreshold,False,False,False,2.2684818536441216,,,False,False,120,68,52,0.56666666666666665,56.666666666666664,0.43333333333333335,43.333333333333336,0,0,0,1,1,1,1,0,59,9,0,0
confidence_only,Confidence only,1,True,PrimaryConfidenceMargin >= ConfidenceThreshold,False,False,False,2.2084707824028404,,,False,False,120,69,51,0.57499999999999996,57.5,0.42499999999999999,42.5,0,0,0,1,1,1,1,0,60,9,0,0
confidence_only,Confidence only,1,True,PrimaryConfidenceMargin >= ConfidenceThreshold,False,False,False,2.1838475205583059,,,False,False,120,70,50,0.58333333333333337,58.333333333333336,0.41666666666666669,41.666666666666664,1,0.014285714285714285,1.4285714285714286,0.98571428571428577,1,0.90000000000000002,0.94999999999999996,0,60,9,1,0
confidence_only,Confidence only,1,True,PrimaryConfidenceMargin >= ConfidenceThreshold,False,False,False,2.1792550936972925,,,False,False,120,71,49,0.59166666666666667,59.166666666666664,0.40833333333333333,40.833333333333336,2,0.028169014084507043,2.816901408450704,0.971830985915493,0.98360655737704916,0.90000000000000002,0.94180327868852465,1,60,9,1,1
confidence_only,Confidence only,1,True,PrimaryConfidenceMargin >= ConfidenceThreshold,False,False,False,2.1398537110154803,,,False,False,120,72,48,0.59999999999999998,60,0.40000000000000002,40,2,0.027777777777777776,2.7777777777777777,0.97222222222222221,0.98360655737704916,0.90909090909090906,0.94634873323397906,1,60,10,1,1
confidence_only,Confidence only,1,True,PrimaryConfidenceMargin >= ConfidenceThreshold,False,False,False,2.1284394988275337,,,False,False,120,73,47,0.60833333333333328,60.833333333333336,0.39166666666666666,39.166666666666664,2,0.027397260273972601,2.7397260273972601,0.9726027397260274,0.98360655737704916,0.91666666666666663,0.95013661202185795,1,60,11,1,1
confidence_only,Confidence only,1,True,PrimaryConfidenceMargin >= ConfidenceThreshold,False,False,False,2.1209951772525115,,,False,False,120,74,46,0.6166666666666667,61.666666666666664,0.38333333333333336,38.333333333333336,3,0.040540540540540543,4.0540540540540544,0.95945945945945943,0.967741935483871,0.91666666666666663,0.94220430107526876,2,60,11,1,2
confidence_only,Confidence only,1,True,PrimaryConfidenceMargin >= ConfidenceThreshold,False,False,False,2.1202584926642021,,,False,False,120,75,45,0.625,62.5,0.375,37.5,3,0.040000000000000001,4,0.95999999999999996,0.967741935483871,0.92307692307692313,0.94540942928039706,2,60,12,1,2
confidence_only,Confidence only,1,True,PrimaryConfidenceMargin >= ConfidenceThreshold,False,False,False,2.0749222288660212,,,False,False,120,76,44,0.6333333333333333,63.333333333333336,0.36666666666666664,36.666666666666664,3,0.039473684210526314,3.9473684210526314,0.96052631578947367,0.96825396825396826,0.92307692307692313,0.94566544566544564,2,61,12,1,2
confidence_only,Confidence only,1,True,PrimaryConfidenceMargin >= ConfidenceThreshold,False,False,False,2.0679146061648486,,,False,False,120,77,43,0.64166666666666672,64.166666666666671,0.35833333333333334,35.833333333333336,3,0.03896103896103896,3.8961038961038961,0.96103896103896103,0.96825396825396826,0.9285714285714286,0.94841269841269837,2,61,13,1,2
confidence_only,Confidence only,1,True,PrimaryConfidenceMargin >= ConfidenceThreshold,False,False,False,2.0022015725687328,,,False,False,120,78,42,0.65000000000000002,65,0.34999999999999998,35,3,0.038461538461538464,3.8461538461538463,0.96153846153846156,0.96875,0.9285714285714286,0.9486607142857143,2,62,13,1,2
confidence_only,Confidence only,1,True,PrimaryConfidenceMargin >= ConfidenceThreshold,False,False,False,1.9866783804094184,,,False,False,120,79,41,0.65833333333333333,65.833333333333329,0.34166666666666667,34.166666666666664,3,0.037974683544303799,3.7974683544303796,0.96202531645569622,0.96923076923076923,0.9285714285714286,0.94890109890109886,2,63,13,1,2
confidence_only,Confidence only,1,True,PrimaryConfidenceMargin >= ConfidenceThreshold,False,False,False,1.9652879044258156,,,False,False,120,80,40,0.66666666666666663,66.666666666666671,0.33333333333333331,33.333333333333336,3,0.037499999999999999,3.75,0.96250000000000002,0.96923076923076923,0.93333333333333335,0.95128205128205123,2,63,14,1,2
confidence_only,Confidence only,1,True,PrimaryConfidenceMargin >= ConfidenceThreshold,False,False,False,1.9383561777706655,,,False,False,120,81,39,0.67500000000000004,67.5,0.32500000000000001,32.5,3,0.037037037037037035,3.7037037037037037,0.96296296296296302,0.96969696969696972,0.93333333333333335,0.95151515151515154,2,64,14,1,2
confidence_only,Confidence only,1,True,PrimaryConfidenceMargin >= ConfidenceThreshold,False,False,False,1.8769480935326004,,,False,False,120,82,38,0.68333333333333335,68.333333333333329,0.31666666666666665,31.666666666666668,3,0.036585365853658534,3.6585365853658538,0.96341463414634143,0.96969696969696972,0.9375,0.95359848484848486,2,64,15,1,2
confidence_only,Confidence only,1,True,PrimaryConfidenceMargin >= ConfidenceThreshold,False,False,False,1.8681245355626106,,,False,False,120,83,37,0.69166666666666665,69.166666666666671,0.30833333333333335,30.833333333333332,3,0.03614457831325301,3.6144578313253013,0.96385542168674698,0.96969696969696972,0.94117647058823528,0.9554367201426025,2,64,16,1,2
confidence_only,Confidence only,1,True,PrimaryConfidenceMargin >= ConfidenceThreshold,False,False,False,1.7864629547709412,,,False,False,120,84,36,0.69999999999999996,70,0.29999999999999999,30,3,0.035714285714285712,3.5714285714285716,0.9642857142857143,0.97014925373134331,0.94117647058823528,0.95566286215978935,2,65,16,1,2
confidence_only,Confidence only,1,True,PrimaryConfidenceMargin >= ConfidenceThreshold,False,False,False,1.752051469123177,,,False,False,120,85,35,0.70833333333333337,70.833333333333329,0.29166666666666669,29.166666666666668,3,0.035294117647058823,3.5294117647058822,0.96470588235294119,0.97014925373134331,0.94444444444444442,0.95729684908789392,2,65,17,1,2
confidence_only,Confidence only,1,True,PrimaryConfidenceMargin >= ConfidenceThreshold,False,False,False,1.7292572105420478,,,False,False,120,86,34,0.71666666666666667,71.666666666666671,0.28333333333333333,28.333333333333332,3,0.034883720930232558,3.4883720930232558,0.96511627906976749,0.97014925373134331,0.94736842105263153,0.95875883739198742,2,65,18,1,2
confidence_only,Confidence only,1,True,PrimaryConfidenceMargin >= ConfidenceThreshold,False,False,False,1.7081771520571318,,,False,False,120,87,33,0.72499999999999998,72.5,0.27500000000000002,27.5,3,0.034482758620689655,3.4482758620689653,0.96551724137931039,0.97014925373134331,0.94999999999999996,0.96007462686567169,2,65,19,1,2
confidence_only,Confidence only,1,True,PrimaryConfidenceMargin >= ConfidenceThreshold,False,False,False,1.6859737917447295,,,False,False,120,88,32,0.73333333333333328,73.333333333333329,0.26666666666666666,26.666666666666668,3,0.034090909090909088,3.4090909090909092,0.96590909090909094,0.97014925373134331,0.95238095238095233,0.96126510305614787,2,65,20,1,2
confidence_only,Confidence only,1,True,PrimaryConfidenceMargin >= ConfidenceThreshold,False,False,False,1.6706882935072138,,,False,False,120,89,31,0.7416666666666667,74.166666666666671,0.25833333333333336,25.833333333333332,3,0.033707865168539325,3.3707865168539324,0.9662921348314607,0.97014925373134331,0.95454545454545459,0.96234735413839889,2,65,21,1,2
confidence_only,Confidence only,1,True,PrimaryConfidenceMargin >= ConfidenceThreshold,False,False,False,1.6118236613357837,,,False,False,120,90,30,0.75,75,0.25,25,3,0.033333333333333333,3.3333333333333335,0.96666666666666667,0.97058823529411764,0.95454545454545459,0.96256684491978617,2,66,21,1,2
confidence_only,Confidence only,1,True,PrimaryConfidenceMargin >= ConfidenceThreshold,False,False,False,1.5274385258338825,,,False,False,120,91,29,0.7583333333333333,75.833333333333329,0.24166666666666667,24.166666666666668,3,0.032967032967032968,3.2967032967032965,0.96703296703296704,0.97101449275362317,0.95454545454545459,0.96277997364953882,2,67,21,1,2
confidence_only,Confidence only,1,True,PrimaryConfidenceMargin >= ConfidenceThreshold,False,False,False,1.5050770738603521,,,False,False,120,92,28,0.76666666666666672,76.666666666666671,0.23333333333333334,23.333333333333332,4,0.043478260869565216,4.3478260869565215,0.95652173913043481,0.95714285714285718,0.95454545454545459,0.95584415584415594,3,67,21,1,3
confidence_only,Confidence only,1,True,PrimaryConfidenceMargin >= ConfidenceThreshold,False,False,False,1.4022270844412561,,,False,False,120,93,27,0.77500000000000002,77.5,0.22500000000000001,22.5,4,0.043010752688172046,4.301075268817204,0.956989247311828,0.95714285714285718,0.95652173913043481,0.95683229813664594,3,67,22,1,3
confidence_only,Confidence only,1,True,PrimaryConfidenceMargin >= ConfidenceThreshold,False,False,False,1.2172114485182921,,,False,False,120,94,26,0.78333333333333333,78.333333333333329,0.21666666666666667,21.666666666666668,4,0.042553191489361701,4.2553191489361701,0.95744680851063835,0.95774647887323938,0.95652173913043481,0.95713410900183704,3,68,22,1,3
confidence_only,Confidence only,1,True,PrimaryConfidenceMargin >= ConfidenceThreshold,False,False,False,1.1941334606077159,,,False,False,120,95,25,0.79166666666666663,79.166666666666671,0.20833333333333334,20.833333333333332,4,0.042105263157894736,4.2105263157894735,0.95789473684210524,0.95774647887323938,0.95833333333333337,0.95803990610328638,3,68,23,1,3
confidence_only,Confidence only,1,True,PrimaryConfidenceMargin >= ConfidenceThreshold,False,False,False,1.13739060061254,,,False,False,120,96,24,0.80000000000000004,80,0.20000000000000001,20,4,0.041666666666666664,4.166666666666667,0.95833333333333337,0.95774647887323938,0.95999999999999996,0.95887323943661973,3,68,24,1,3
confidence_only,Confidence only,1,True,PrimaryConfidenceMargin >= ConfidenceThreshold,False,False,False,1.1234185478789076,,,False,False,120,97,23,0.80833333333333335,80.833333333333329,0.19166666666666668,19.166666666666668,4,0.041237113402061855,4.1237113402061851,0.95876288659793818,0.95833333333333337,0.95999999999999996,0.95916666666666672,3,69,24,1,3
confidence_only,Confidence only,1,True,PrimaryConfidenceMargin >= ConfidenceThreshold,False,False,False,0.91139438445638454,,,False,False,120,98,22,0.81666666666666665,81.666666666666671,0.18333333333333332,18.333333333333332,4,0.040816326530612242,4.0816326530612246,0.95918367346938771,0.95890410958904104,0.95999999999999996,0.95945205479452045,3,70,24,1,3
confidence_only,Confidence only,1,True,PrimaryConfidenceMargin >= ConfidenceThreshold,False,False,False,0.83179976063869354,,,False,False,120,99,21,0.82499999999999996,82.5,0.17499999999999999,17.5,4,0.040404040404040407,4.0404040404040407,0.95959595959595956,0.95945945945945943,0.95999999999999996,0.9597297297297297,3,71,24,1,3
confidence_only,Confidence only,1,True,PrimaryConfidenceMargin >= ConfidenceThreshold,False,False,False,0.8077568640843964,,,False,False,120,100,20,0.83333333333333337,83.333333333333329,0.16666666666666666,16.666666666666668,5,0.050000000000000003,5,0.94999999999999996,0.95945945945945943,0.92307692307692313,0.94126819126819128,3,71,24,2,3
confidence_only,Confidence only,1,True,PrimaryConfidenceMargin >= ConfidenceThreshold,False,False,False,0.76638986778852169,,,False,False,120,101,19,0.84166666666666667,84.166666666666671,0.15833333333333333,15.833333333333334,5,0.049504950495049507,4.9504950495049505,0.95049504950495045,0.95999999999999996,0.92307692307692313,0.94153846153846155,3,72,24,2,3
confidence_only,Confidence only,1,True,PrimaryConfidenceMargin >= ConfidenceThreshold,False,False,False,0.73695406291178678,,,False,False,120,102,18,0.84999999999999998,85,0.14999999999999999,15,5,0.049019607843137254,4.9019607843137258,0.9509803921568627,0.96052631578947367,0.92307692307692313,0.9418016194331984,3,73,24,2,3
confidence_only,Confidence only,1,True,PrimaryConfidenceMargin >= ConfidenceThreshold,False,False,False,0.69510615395179842,,,False,False,120,103,17,0.85833333333333328,85.833333333333329,0.14166666666666666,14.166666666666666,6,0.058252427184466021,5.825242718446602,0.94174757281553401,0.94805194805194803,0.92307692307692313,0.93556443556443558,4,73,24,2,4
confidence_only,Confidence only,1,True,PrimaryConfidenceMargin >= ConfidenceThreshold,False,False,False,0.66950903260411021,,,False,False,120,104,16,0.8666666666666667,86.666666666666671,0.13333333333333333,13.333333333333334,6,0.057692307692307696,5.7692307692307692,0.94230769230769229,0.94871794871794868,0.92307692307692313,0.9358974358974359,4,74,24,2,4
confidence_only,Confidence only,1,True,PrimaryConfidenceMargin >= ConfidenceThreshold,False,False,False,0.58934120281005065,,,False,False,120,105,15,0.875,87.5,0.125,12.5,6,0.057142857142857141,5.7142857142857144,0.94285714285714284,0.94936708860759489,0.92307692307692313,0.93622200584225901,4,75,24,2,4
confidence_only,Confidence only,1,True,PrimaryConfidenceMargin >= ConfidenceThreshold,False,False,False,0.58038266594430166,,,False,False,120,106,14,0.8833333333333333,88.333333333333329,0.11666666666666667,11.666666666666666,7,0.066037735849056603,6.6037735849056602,0.93396226415094341,0.94936708860759489,0.88888888888888884,0.91912798874824186,4,75,24,3,4
confidence_only,Confidence only,1,True,PrimaryConfidenceMargin >= ConfidenceThreshold,False,False,False,0.57663168477921811,,,False,False,120,107,13,0.89166666666666672,89.166666666666671,0.10833333333333334,10.833333333333334,8,0.07476635514018691,7.4766355140186915,0.92523364485981308,0.9375,0.88888888888888884,0.91319444444444442,5,75,24,3,5
confidence_only,Confidence only,1,True,PrimaryConfidenceMargin >= ConfidenceThreshold,False,False,False,0.5123573658874756,,,False,False,120,108,12,0.90000000000000002,90,0.10000000000000001,10,8,0.07407407407407407,7.4074074074074074,0.92592592592592593,0.93827160493827155,0.88888888888888884,0.9135802469135802,5,76,24,3,5
confidence_only,Confidence only,1,True,PrimaryConfidenceMargin >= ConfidenceThreshold,False,False,False,0.50927913018746063,,,False,False,120,109,11,0.90833333333333333,90.833333333333329,0.09166666666666666,9.1666666666666661,8,0.073394495412844041,7.3394495412844041,0.92660550458715596,0.93902439024390238,0.88888888888888884,0.91395663956639561,5,77,24,3,5
confidence_only,Confidence only,1,True,PrimaryConfidenceMargin >= ConfidenceThreshold,False,False,False,0.49062786677433845,,,False,False,120,110,10,0.91666666666666663,91.666666666666671,0.083333333333333329,8.3333333333333339,9,0.081818181818181818,8.1818181818181817,0.91818181818181821,0.92771084337349397,0.88888888888888884,0.9082998661311914,6,77,24,3,6
confidence_only,Confidence only,1,True,PrimaryConfidenceMargin >= ConfidenceThreshold,False,False,False,0.48033624580943846,,,False,False,120,111,9,0.92500000000000004,92.5,0.074999999999999997,7.5,9,0.081081081081081086,8.1081081081081088,0.91891891891891886,0.92771084337349397,0.8928571428571429,0.91028399311531838,6,77,25,3,6
confidence_only,Confidence only,1,True,PrimaryConfidenceMargin >= ConfidenceThreshold,False,False,False,0.40900645555606818,,,False,False,120,112,8,0.93333333333333335,93.333333333333329,0.066666666666666666,6.666666666666667,9,0.080357142857142863,8.0357142857142865,0.9196428571428571,0.9285714285714286,0.8928571428571429,0.91071428571428581,6,78,25,3,6
confidence_only,Confidence only,1,True,PrimaryConfidenceMargin >= ConfidenceThreshold,False,False,False,0.4057950280164957,,,False,False,120,113,7,0.94166666666666665,94.166666666666671,0.058333333333333334,5.833333333333333,9,0.079646017699115043,7.9646017699115044,0.92035398230088494,0.9285714285714286,0.89655172413793105,0.91256157635467983,6,78,26,3,6
confidence_only,Confidence only,1,True,PrimaryConfidenceMargin >= ConfidenceThreshold,False,False,False,0.24169623520724892,,,False,False,120,114,6,0.94999999999999996,95,0.050000000000000003,5,9,0.078947368421052627,7.8947368421052628,0.92105263157894735,0.92941176470588238,0.89655172413793105,0.91298174442190672,6,79,26,3,6
confidence_only,Confidence only,1,True,PrimaryConfidenceMargin >= ConfidenceThreshold,False,False,False,0.22019142937855252,,,False,False,120,115,5,0.95833333333333337,95.833333333333329,0.041666666666666664,4.166666666666667,10,0.086956521739130432,8.695652173913043,0.91304347826086962,0.91860465116279066,0.89655172413793105,0.9075781876503608,7,79,26,3,7
confidence_only,Confidence only,1,True,PrimaryConfidenceMargin >= ConfidenceThreshold,False,False,False,0.17330901156316081,,,False,False,120,116,4,0.96666666666666667,96.666666666666671,0.033333333333333333,3.3333333333333335,10,0.086206896551724144,8.6206896551724146,0.9137931034482758,0.91954022988505746,0.89655172413793105,0.90804597701149425,7,80,26,3,7
confidence_only,Confidence only,1,True,PrimaryConfidenceMargin >= ConfidenceThreshold,False,False,False,0.054363915198679003,,,False,False,120,117,3,0.97499999999999998,97.5,0.025000000000000001,2.5,10,0.085470085470085472,8.5470085470085468,0.9145299145299145,0.91954022988505746,0.90000000000000002,0.9097701149425288,7,80,27,3,7
confidence_only,Confidence only,1,True,PrimaryConfidenceMargin >= ConfidenceThreshold,False,False,False,0.037441908480615904,,,False,False,120,118,2,0.98333333333333328,98.333333333333329,0.016666666666666666,1.6666666666666667,10,0.084745762711864403,8.4745762711864412,0.9152542372881356,0.91954022988505746,0.90322580645161288,0.91138301816833511,7,80,28,3,7
confidence_only,Confidence only,1,True,PrimaryConfidenceMargin >= ConfidenceThreshold,False,False,False,0.0021831670001128956,,,False,False,120,119,1,0.9916666666666667,99.166666666666671,0.0083333333333333332,0.83333333333333337,10,0.084033613445378158,8.4033613445378155,0.91596638655462181,0.91954022988505746,0.90625,0.91289511494252873,7,80,29,3,7
confidence_only,Confidence only,1,True,PrimaryConfidenceMargin >= ConfidenceThreshold,False,False,False,0.0021789637962887909,,,False,False,120,120,0,1,100,0,0,10,0.083333333333333329,8.3333333333333339,0.91666666666666663,0.92045454545454541,0.90625,0.91335227272727271,7,81,29,3,7
confidence_model_agreement,Confidence + model agreement,2,True,PrimaryConfidenceMargin >= ConfidenceThreshold AND ModelAgreement == True,True,False,False,inf,,,False,False,120,0,120,0,0,1,100,0,,,,,,,0,0,0,0,0
confidence_model_agreement,Confidence + model agreement,2,True,PrimaryConfidenceMargin >= ConfidenceThreshold AND ModelAgreement == True,True,False,False,7.6831209953185766,,,False,False,120,1,119,0.0083333333333333332,0.83333333333333337,0.9916666666666667,99.166666666666671,0,0,0,1,1,,,0,1,0,0,0
confidence_model_agreement,Confidence + model agreement,2,True,PrimaryConfidenceMargin >= ConfidenceThreshold AND ModelAgreement == True,True,False,False,6.6856964866057425,,,False,False,120,2,118,0.016666666666666666,1.6666666666666667,0.98333333333333328,98.333333333333329,0,0,0,1,1,,,0,2,0,0,0
confidence_model_agreement,Confidence + model agreement,2,True,PrimaryConfidenceMargin >= ConfidenceThreshold AND ModelAgreement == True,True,False,False,6.6488173728535465,,,False,False,120,3,117,0.025000000000000001,2.5,0.97499999999999998,97.5,0,0,0,1,1,,,0,3,0,0,0
confidence_model_agreement,Confidence + model agreement,2,True,PrimaryConfidenceMargin >= ConfidenceThreshold AND ModelAgreement == True,True,False,False,6.5773796704546772,,,False,False,120,4,116,0.033333333333333333,3.3333333333333335,0.96666666666666667,96.666666666666671,0,0,0,1,1,,,0,4,0,0,0
confidence_model_agreement,Confidence + model agreement,2,True,PrimaryConfidenceMargin >= ConfidenceThreshold AND ModelAgreement == True,True,False,False,6.3458647179932628,,,False,False,120,5,115,0.041666666666666664,4.166666666666667,0.95833333333333337,95.833333333333329,0,0,0,1,1,,,0,5,0,0,0
confidence_model_agreement,Confidence + model agreement,2,True,PrimaryConfidenceMargin >= ConfidenceThreshold AND ModelAgreement == True,True,False,False,6.2098610748637686,,,False,False,120,6,114,0.050000000000000003,5,0.94999999999999996,95,0,0,0,1,1,,,0,6,0,0,0
confidence_model_agreement,Confidence + model agreement,2,True,PrimaryConfidenceMargin >= ConfidenceThreshold AND ModelAgreement == True,True,False,False,6.1881994063343893,,,False,False,120,7,113,0.058333333333333334,5.833333333333333,0.94166666666666665,94.166666666666671,0,0,0,1,1,,,0,7,0,0,0
confidence_model_agreement,Confidence + model agreement,2,True,PrimaryConfidenceMargin >= ConfidenceThreshold AND ModelAgreement == True,True,False,False,6.185215732493913,,,False,False,120,8,112,0.066666666666666666,6.666666666666667,0.93333333333333335,93.333333333333329,0,0,0,1,1,,,0,8,0,0,0
confidence_model_agreement,Confidence + model agreement,2,True,PrimaryConfidenceMargin >= ConfidenceThreshold AND ModelAgreement == True,True,False,False,6.0812452116579809,,,False,False,120,9,111,0.074999999999999997,7.5,0.92500000000000004,92.5,0,0,0,1,1,,,0,9,0,0,0
confidence_model_agreement,Confidence + model agreement,2,True,PrimaryConfidenceMargin >= ConfidenceThreshold AND ModelAgreement == True,True,False,False,5.9995846087355114,,,False,False,120,10,110,0.083333333333333329,8.3333333333333339,0.91666666666666663,91.666666666666671,0,0,0,1,1,,,0,10,0,0,0
confidence_model_agreement,Confidence + model agreement,2,True,PrimaryConfidenceMargin >= ConfidenceThreshold AND ModelAgreement == True,True,False,False,5.8910641863515174,,,False,False,120,11,109,0.09166666666666666,9.1666666666666661,0.90833333333333333,90.833333333333329,0,0,0,1,1,,,0,11,0,0,0
confidence_model_agreement,Confidence + model agreement,2,True,PrimaryConfidenceMargin >= ConfidenceThreshold AND ModelAgreement == True,True,False,False,5.7602437231072496,,,False,False,120,12,108,0.10000000000000001,10,0.90000000000000002,90,0,0,0,1,1,,,0,12,0,0,0
confidence_model_agreement,Confidence + model agreement,2,True,PrimaryConfidenceMargin >= ConfidenceThreshold AND ModelAgreement == True,True,False,False,5.7529399846346703,,,False,False,120,13,107,0.10833333333333334,10.833333333333334,0.89166666666666672,89.166666666666671,0,0,0,1,1,,,0,13,0,0,0
confidence_model_agreement,Confidence + model agreement,2,True,PrimaryConfidenceMargin >= ConfidenceThreshold AND ModelAgreement == True,True,False,False,5.6253442424435782,,,False,False,120,14,106,0.11666666666666667,11.666666666666666,0.8833333333333333,88.333333333333329,0,0,0,1,1,,,0,14,0,0,0
confidence_model_agreement,Confidence + model agreement,2,True,PrimaryConfidenceMargin >= ConfidenceThreshold AND ModelAgreement == True,True,False,False,5.5534049928315135,,,False,False,120,15,105,0.125,12.5,0.875,87.5,0,0,0,1,1,,,0,15,0,0,0
confidence_model_agreement,Confidence + model agreement,2,True,PrimaryConfidenceMargin >= ConfidenceThreshold AND ModelAgreement == True,True,False,False,5.5282075543019378,,,False,False,120,16,104,0.13333333333333333,13.333333333333334,0.8666666666666667,86.666666666666671,0,0,0,1,1,,,0,16,0,0,0
confidence_model_agreement,Confidence + model agreement,2,True,PrimaryConfidenceMargin >= ConfidenceThreshold AND ModelAgreement == True,True,False,False,5.5210396354694415,,,False,False,120,17,103,0.14166666666666666,14.166666666666666,0.85833333333333328,85.833333333333329,0,0,0,1,1,,,0,17,0,0,0
confidence_model_agreement,Confidence + model agreement,2,True,PrimaryConfidenceMargin >= ConfidenceThreshold AND ModelAgreement == True,True,False,False,5.509511693637088,,,False,False,120,18,102,0.14999999999999999,15,0.84999999999999998,85,0,0,0,1,1,,,0,18,0,0,0
confidence_model_agreement,Confidence + model agreement,2,True,PrimaryConfidenceMargin >= ConfidenceThreshold AND ModelAgreement == True,True,False,False,5.4849939806468431,,,False,False,120,19,101,0.15833333333333333,15.833333333333334,0.84166666666666667,84.166666666666671,0,0,0,1,1,,,0,19,0,0,0
confidence_model_agreement,Confidence + model agreement,2,True,PrimaryConfidenceMargin >= ConfidenceThreshold AND ModelAgreement == True,True,False,False,5.4079531812667412,,,False,False,120,20,100,0.16666666666666666,16.666666666666668,0.83333333333333337,83.333333333333329,0,0,0,1,1,,,0,20,0,0,0
confidence_model_agreement,Confidence + model agreement,2,True,PrimaryConfidenceMargin >= ConfidenceThreshold AND ModelAgreement == True,True,False,False,5.3785563042948645,,,False,False,120,21,99,0.17499999999999999,17.5,0.82499999999999996,82.5,0,0,0,1,1,,,0,21,0,0,0
confidence_model_agreement,Confidence + model agreement,2,True,PrimaryConfidenceMargin >= ConfidenceThreshold AND ModelAgreement == True,True,False,False,5.3571859882912509,,,False,False,120,22,98,0.18333333333333332,18.333333333333332,0.81666666666666665,81.666666666666671,0,0,0,1,1,,,0,22,0,0,0
confidence_model_agreement,Confidence + model agreement,2,True,PrimaryConfidenceMargin >= ConfidenceThreshold AND ModelAgreement == True,True,False,False,5.2406772398779573,,,False,False,120,23,97,0.19166666666666668,19.166666666666668,0.80833333333333335,80.833333333333329,0,0,0,1,1,,,0,23,0,0,0
confidence_model_agreement,Confidence + model agreement,2,True,PrimaryConfidenceMargin >= ConfidenceThreshold AND ModelAgreement == True,True,False,False,5.1956574951494776,,,False,False,120,24,96,0.20000000000000001,20,0.80000000000000004,80,0,0,0,1,1,,,0,24,0,0,0
confidence_model_agreement,Confidence + model agreement,2,True,PrimaryConfidenceMargin >= ConfidenceThreshold AND ModelAgreement == True,True,False,False,5.1680954394426184,,,False,False,120,25,95,0.20833333333333334,20.833333333333332,0.79166666666666663,79.166666666666671,0,0,0,1,1,,,0,25,0,0,0
confidence_model_agreement,Confidence + model agreement,2,True,PrimaryConfidenceMargin >= ConfidenceThreshold AND ModelAgreement == True,True,False,False,5.1380611437872421,,,False,False,120,26,94,0.21666666666666667,21.666666666666668,0.78333333333333333,78.333333333333329,0,0,0,1,1,,,0,26,0,0,0
confidence_model_agreement,Confidence + model agreement,2,True,PrimaryConfidenceMargin >= ConfidenceThreshold AND ModelAgreement == True,True,False,False,5.084223529810421,,,False,False,120,27,93,0.22500000000000001,22.5,0.77500000000000002,77.5,0,0,0,1,1,,,0,27,0,0,0
confidence_model_agreement,Confidence + model agreement,2,True,PrimaryConfidenceMargin >= ConfidenceThreshold AND ModelAgreement == True,True,False,False,5.0706383787726086,,,False,False,120,28,92,0.23333333333333334,23.333333333333332,0.76666666666666672,76.666666666666671,0,0,0,1,1,,,0,28,0,0,0
confidence_model_agreement,Confidence + model agreement,2,True,PrimaryConfidenceMargin >= ConfidenceThreshold AND ModelAgreement == True,True,False,False,5.0409589609016274,,,False,False,120,29,91,0.24166666666666667,24.166666666666668,0.7583333333333333,75.833333333333329,0,0,0,1,1,,,0,29,0,0,0
confidence_model_agreement,Confidence + model agreement,2,True,PrimaryConfidenceMargin >= ConfidenceThreshold AND ModelAgreement == True,True,False,False,5.0002677546048542,,,False,False,120,30,90,0.25,25,0.75,75,0,0,0,1,1,,,0,30,0,0,0
confidence_model_agreement,Confidence + model agreement,2,True,PrimaryConfidenceMargin >= ConfidenceThreshold AND ModelAgreement == True,True,False,False,4.9726242996704899,,,False,False,120,31,89,0.25833333333333336,25.833333333333332,0.7416666666666667,74.166666666666671,0,0,0,1,1,,,0,31,0,0,0
confidence_model_agreement,Confidence + model agreement,2,True,PrimaryConfidenceMargin >= ConfidenceThreshold AND ModelAgreement == True,True,False,False,4.9622043863965981,,,False,False,120,32,88,0.26666666666666666,26.666666666666668,0.73333333333333328,73.333333333333329,0,0,0,1,1,,,0,32,0,0,0
confidence_model_agreement,Confidence + model agreement,2,True,PrimaryConfidenceMargin >= ConfidenceThreshold AND ModelAgreement == True,True,False,False,4.9303703606799978,,,False,False,120,33,87,0.27500000000000002,27.5,0.72499999999999998,72.5,0,0,0,1,1,,,0,33,0,0,0
confidence_model_agreement,Confidence + model agreement,2,True,PrimaryConfidenceMargin >= ConfidenceThreshold AND ModelAgreement == True,True,False,False,4.9238478726277499,,,False,False,120,34,86,0.28333333333333333,28.333333333333332,0.71666666666666667,71.666666666666671,0,0,0,1,1,,,0,34,0,0,0
confidence_model_agreement,Confidence + model agreement,2,True,PrimaryConfidenceMargin >= ConfidenceThreshold AND ModelAgreement == True,True,False,False,4.8669551728462563,,,False,False,120,35,85,0.29166666666666669,29.166666666666668,0.70833333333333337,70.833333333333329,0,0,0,1,1,,,0,35,0,0,0
confidence_model_agreement,Confidence + model agreement,2,True,PrimaryConfidenceMargin >= ConfidenceThreshold AND ModelAgreement == True,True,False,False,4.8518445696806269,,,False,False,120,36,84,0.29999999999999999,30,0.69999999999999996,70,0,0,0,1,1,,,0,36,0,0,0
confidence_model_agreement,Confidence + model agreement,2,True,PrimaryConfidenceMargin >= ConfidenceThreshold AND ModelAgreement == True,True,False,False,4.7047127187796765,,,False,False,120,37,83,0.30833333333333335,30.833333333333332,0.69166666666666665,69.166666666666671,0,0,0,1,1,,,0,37,0,0,0
confidence_model_agreement,Confidence + model agreement,2,True,PrimaryConfidenceMargin >= ConfidenceThreshold AND ModelAgreement == True,True,False,False,4.6401546378499363,,,False,False,120,38,82,0.31666666666666665,31.666666666666668,0.68333333333333335,68.333333333333329,0,0,0,1,1,,,0,38,0,0,0
confidence_model_agreement,Confidence + model agreement,2,True,PrimaryConfidenceMargin >= ConfidenceThreshold AND ModelAgreement == True,True,False,False,4.5688373344367577,,,False,False,120,39,81,0.32500000000000001,32.5,0.67500000000000004,67.5,0,0,0,1,1,,,0,39,0,0,0
confidence_model_agreement,Confidence + model agreement,2,True,PrimaryConfidenceMargin >= ConfidenceThreshold AND ModelAgreement == True,True,False,False,4.5353848331452493,,,False,False,120,40,80,0.33333333333333331,33.333333333333336,0.66666666666666663,66.666666666666671,0,0,0,1,1,,,0,40,0,0,0
confidence_model_agreement,Confidence + model agreement,2,True,PrimaryConfidenceMargin >= ConfidenceThreshold AND ModelAgreement == True,True,False,False,4.4671983915927962,,,False,False,120,41,79,0.34166666666666667,34.166666666666664,0.65833333333333333,65.833333333333329,0,0,0,1,1,,,0,41,0,0,0
confidence_model_agreement,Confidence + model agreement,2,True,PrimaryConfidenceMargin >= ConfidenceThreshold AND ModelAgreement == True,True,False,False,4.3839251773368861,,,False,False,120,42,78,0.34999999999999998,35,0.65000000000000002,65,0,0,0,1,1,,,0,42,0,0,0
confidence_model_agreement,Confidence + model agreement,2,True,PrimaryConfidenceMargin >= ConfidenceThreshold AND ModelAgreement == True,True,False,False,4.308449584088387,,,False,False,120,43,77,0.35833333333333334,35.833333333333336,0.64166666666666672,64.166666666666671,0,0,0,1,1,,,0,43,0,0,0
confidence_model_agreement,Confidence + model agreement,2,True,PrimaryConfidenceMargin >= ConfidenceThreshold AND ModelAgreement == True,True,False,False,4.1826687122337951,,,False,False,120,44,76,0.36666666666666664,36.666666666666664,0.6333333333333333,63.333333333333336,0,0,0,1,1,,,0,44,0,0,0
confidence_model_agreement,Confidence + model agreement,2,True,PrimaryConfidenceMargin >= ConfidenceThreshold AND ModelAgreement == True,True,False,False,4.1365523083628792,,,False,False,120,45,75,0.375,37.5,0.625,62.5,0,0,0,1,1,,,0,45,0,0,0
confidence_model_agreement,Confidence + model agreement,2,True,PrimaryConfidenceMargin >= ConfidenceThreshold AND ModelAgreement == True,True,False,False,4.1253952614901035,,,False,False,120,46,74,0.38333333333333336,38.333333333333336,0.6166666666666667,61.666666666666664,0,0,0,1,1,,,0,46,0,0,0
confidence_model_agreement,Confidence + model agreement,2,True,PrimaryConfidenceMargin >= ConfidenceThreshold AND ModelAgreement == True,True,False,False,4.1130530370013672,,,False,False,120,47,73,0.39166666666666666,39.166666666666664,0.60833333333333328,60.833333333333336,0,0,0,1,1,,,0,47,0,0,0
confidence_model_agreement,Confidence + model agreement,2,True,PrimaryConfidenceMargin >= ConfidenceThreshold AND ModelAgreement == True,True,False,False,4.1114447297278582,,,False,False,120,48,72,0.40000000000000002,40,0.59999999999999998,60,0,0,0,1,1,,,0,48,0,0,0
confidence_model_agreement,Confidence + model agreement,2,True,PrimaryConfidenceMargin >= ConfidenceThreshold AND ModelAgreement == True,True,False,False,4.0262800644953263,,,False,False,120,49,71,0.40833333333333333,40.833333333333336,0.59166666666666667,59.166666666666664,0,0,0,1,1,,,0,49,0,0,0
confidence_model_agreement,Confidence + model agreement,2,True,PrimaryConfidenceMargin >= ConfidenceThreshold AND ModelAgreement == True,True,False,False,3.7534046116307165,,,False,False,120,50,70,0.41666666666666669,41.666666666666664,0.58333333333333337,58.333333333333336,0,0,0,1,1,,,0,50,0,0,0
confidence_model_agreement,Confidence + model agreement,2,True,PrimaryConfidenceMargin >= ConfidenceThreshold AND ModelAgreement == True,True,False,False,3.6997264491816999,,,False,False,120,51,69,0.42499999999999999,42.5,0.57499999999999996,57.5,0,0,0,1,1,,,0,51,0,0,0
confidence_model_agreement,Confidence + model agreement,2,True,PrimaryConfidenceMargin >= ConfidenceThreshold AND ModelAgreement == True,True,False,False,3.4830477429825848,,,False,False,120,52,68,0.43333333333333335,43.333333333333336,0.56666666666666665,56.666666666666664,0,0,0,1,1,,,0,52,0,0,0
confidence_model_agreement,Confidence + model agreement,2,True,PrimaryConfidenceMargin >= ConfidenceThreshold AND ModelAgreement == True,True,False,False,3.4334308260245816,,,False,False,120,53,67,0.44166666666666665,44.166666666666664,0.55833333333333335,55.833333333333336,0,0,0,1,1,,,0,53,0,0,0
confidence_model_agreement,Confidence + model agreement,2,True,PrimaryConfidenceMargin >= ConfidenceThreshold AND ModelAgreement == True,True,False,False,3.1864765549721508,,,False,False,120,54,66,0.45000000000000001,45,0.55000000000000004,55,0,0,0,1,1,,,0,54,0,0,0
confidence_model_agreement,Confidence + model agreement,2,True,PrimaryConfidenceMargin >= ConfidenceThreshold AND ModelAgreement == True,True,False,False,3.1215456190010742,,,False,False,120,55,65,0.45833333333333331,45.833333333333336,0.54166666666666663,54.166666666666664,0,0,0,1,1,,,0,55,0,0,0
confidence_model_agreement,Confidence + model agreement,2,True,PrimaryConfidenceMargin >= ConfidenceThreshold AND ModelAgreement == True,True,False,False,3.0973517214122892,,,False,False,120,56,64,0.46666666666666667,46.666666666666664,0.53333333333333333,53.333333333333336,0,0,0,1,1,1,1,0,55,1,0,0
confidence_model_agreement,Confidence + model agreement,2,True,PrimaryConfidenceMargin >= ConfidenceThreshold AND ModelAgreement == True,True,False,False,2.8795473957240052,,,False,False,120,57,63,0.47499999999999998,47.5,0.52500000000000002,52.5,0,0,0,1,1,1,1,0,56,1,0,0
confidence_model_agreement,Confidence + model agreement,2,True,PrimaryConfidenceMargin >= ConfidenceThreshold AND ModelAgreement == True,True,False,False,2.8073297849695087,,,False,False,120,58,62,0.48333333333333334,48.333333333333336,0.51666666666666672,51.666666666666664,0,0,0,1,1,1,1,0,56,2,0,0
confidence_model_agreement,Confidence + model agreement,2,True,PrimaryConfidenceMargin >= ConfidenceThreshold AND ModelAgreement == True,True,False,False,2.7774445572096869,,,False,False,120,59,61,0.49166666666666664,49.166666666666664,0.5083333333333333,50.833333333333336,0,0,0,1,1,1,1,0,56,3,0,0
confidence_model_agreement,Confidence + model agreement,2,True,PrimaryConfidenceMargin >= ConfidenceThreshold AND ModelAgreement == True,True,False,False,2.7052958606332651,,,False,False,120,60,60,0.5,50,0.5,50,0,0,0,1,1,1,1,0,57,3,0,0
confidence_model_agreement,Confidence + model agreement,2,True,PrimaryConfidenceMargin >= ConfidenceThreshold AND ModelAgreement == True,True,False,False,2.5563292901410848,,,False,False,120,61,59,0.5083333333333333,50.833333333333336,0.49166666666666664,49.166666666666664,0,0,0,1,1,1,1,0,57,4,0,0
confidence_model_agreement,Confidence + model agreement,2,True,PrimaryConfidenceMargin >= ConfidenceThreshold AND ModelAgreement == True,True,False,False,2.4215075101575114,,,False,False,120,62,58,0.51666666666666672,51.666666666666664,0.48333333333333334,48.333333333333336,0,0,0,1,1,1,1,0,57,5,0,0
confidence_model_agreement,Confidence + model agreement,2,True,PrimaryConfidenceMargin >= ConfidenceThreshold AND ModelAgreement == True,True,False,False,2.3660370520422691,,,False,False,120,63,57,0.52500000000000002,52.5,0.47499999999999998,47.5,0,0,0,1,1,1,1,0,57,6,0,0
confidence_model_agreement,Confidence + model agreement,2,True,PrimaryConfidenceMargin >= ConfidenceThreshold AND ModelAgreement == True,True,False,False,2.326630215597373,,,False,False,120,64,56,0.53333333333333333,53.333333333333336,0.46666666666666667,46.666666666666664,0,0,0,1,1,1,1,0,57,7,0,0
confidence_model_agreement,Confidence + model agreement,2,True,PrimaryConfidenceMargin >= ConfidenceThreshold AND ModelAgreement == True,True,False,False,2.2857694226834049,,,False,False,120,65,55,0.54166666666666663,54.166666666666664,0.45833333333333331,45.833333333333336,0,0,0,1,1,1,1,0,58,7,0,0
confidence_model_agreement,Confidence + model agreement,2,True,PrimaryConfidenceMargin >= ConfidenceThreshold AND ModelAgreement == True,True,False,False,2.2761303594308688,,,False,False,120,66,54,0.55000000000000004,55,0.45000000000000001,45,0,0,0,1,1,1,1,0,58,8,0,0
confidence_model_agreement,Confidence + model agreement,2,True,PrimaryConfidenceMargin >= ConfidenceThreshold AND ModelAgreement == True,True,False,False,2.2684818536441216,,,False,False,120,67,53,0.55833333333333335,55.833333333333336,0.44166666666666665,44.166666666666664,0,0,0,1,1,1,1,0,58,9,0,0
confidence_model_agreement,Confidence + model agreement,2,True,PrimaryConfidenceMargin >= ConfidenceThreshold AND ModelAgreement == True,True,False,False,2.2084707824028404,,,False,False,120,68,52,0.56666666666666665,56.666666666666664,0.43333333333333335,43.333333333333336,0,0,0,1,1,1,1,0,59,9,0,0
confidence_model_agreement,Confidence + model agreement,2,True,PrimaryConfidenceMargin >= ConfidenceThreshold AND ModelAgreement == True,True,False,False,2.1838475205583059,,,False,False,120,69,51,0.57499999999999996,57.5,0.42499999999999999,42.5,1,0.014492753623188406,1.4492753623188406,0.98550724637681164,1,0.90000000000000002,0.94999999999999996,0,59,9,1,0
confidence_model_agreement,Confidence + model agreement,2,True,PrimaryConfidenceMargin >= ConfidenceThreshold AND ModelAgreement == True,True,False,False,2.1792550936972925,,,False,False,120,70,50,0.58333333333333337,58.333333333333336,0.41666666666666669,41.666666666666664,2,0.028571428571428571,2.8571428571428572,0.97142857142857142,0.98333333333333328,0.90000000000000002,0.94166666666666665,1,59,9,1,1
confidence_model_agreement,Confidence + model agreement,2,True,PrimaryConfidenceMargin >= ConfidenceThreshold AND ModelAgreement == True,True,False,False,2.1398537110154803,,,False,False,120,71,49,0.59166666666666667,59.166666666666664,0.40833333333333333,40.833333333333336,2,0.028169014084507043,2.816901408450704,0.971830985915493,0.98333333333333328,0.90909090909090906,0.94621212121212117,1,59,10,1,1
confidence_model_agreement,Confidence + model agreement,2,True,PrimaryConfidenceMargin >= ConfidenceThreshold AND ModelAgreement == True,True,False,False,2.1209951772525115,,,False,False,120,72,48,0.59999999999999998,60,0.40000000000000002,40,2,0.027777777777777776,2.7777777777777777,0.97222222222222221,0.98333333333333328,0.91666666666666663,0.94999999999999996,1,59,11,1,1
confidence_model_agreement,Confidence + model agreement,2,True,PrimaryConfidenceMargin >= ConfidenceThreshold AND ModelAgreement == True,True,False,False,2.1202584926642021,,,False,False,120,73,47,0.60833333333333328,60.833333333333336,0.39166666666666666,39.166666666666664,2,0.027397260273972601,2.7397260273972601,0.9726027397260274,0.98333333333333328,0.92307692307692313,0.95320512820512815,1,59,12,1,1
confidence_model_agreement,Confidence + model agreement,2,True,PrimaryConfidenceMargin >= ConfidenceThreshold AND ModelAgreement == True,True,False,False,2.0749222288660212,,,False,False,120,74,46,0.6166666666666667,61.666666666666664,0.38333333333333336,38.333333333333336,2,0.027027027027027029,2.7027027027027026,0.97297297297297303,0.98360655737704916,0.92307692307692313,0.95334174022698615,1,60,12,1,1
confidence_model_agreement,Confidence + model agreement,2,True,PrimaryConfidenceMargin >= ConfidenceThreshold AND ModelAgreement == True,True,False,False,2.0679146061648486,,,False,False,120,75,45,0.625,62.5,0.375,37.5,2,0.026666666666666668,2.6666666666666665,0.97333333333333338,0.98360655737704916,0.9285714285714286,0.95608899297423888,1,60,13,1,1
confidence_model_agreement,Confidence + model agreement,2,True,PrimaryConfidenceMargin >= ConfidenceThreshold AND ModelAgreement == True,True,False,False,2.0022015725687328,,,False,False,120,76,44,0.6333333333333333,63.333333333333336,0.36666666666666664,36.666666666666664,2,0.026315789473684209,2.6315789473684212,0.97368421052631582,0.9838709677419355,0.9285714285714286,0.95622119815668205,1,61,13,1,1
confidence_model_agreement,Confidence + model agreement,2,True,PrimaryConfidenceMargin >= ConfidenceThreshold AND ModelAgreement == True,True,False,False,1.9866783804094184,,,False,False,120,77,43,0.64166666666666672,64.166666666666671,0.35833333333333334,35.833333333333336,2,0.025974025974025976,2.5974025974025974,0.97402597402597402,0.98412698412698407,0.9285714285714286,0.95634920634920628,1,62,13,1,1
confidence_model_agreement,Confidence + model agreement,2,True,PrimaryConfidenceMargin >= ConfidenceThreshold AND ModelAgreement == True,True,False,False,1.9652879044258156,,,False,False,120,78,42,0.65000000000000002,65,0.34999999999999998,35,2,0.02564102564102564,2.5641025641025643,0.97435897435897434,0.98412698412698407,0.93333333333333335,0.95873015873015865,1,62,14,1,1
confidence_model_agreement,Confidence + model agreement,2,True,PrimaryConfidenceMargin >= ConfidenceThreshold AND ModelAgreement == True,True,False,False,1.9383561777706655,,,False,False,120,79,41,0.65833333333333333,65.833333333333329,0.34166666666666667,34.166666666666664,2,0.025316455696202531,2.5316455696202533,0.97468354430379744,0.984375,0.93333333333333335,0.95885416666666667,1,63,14,1,1
confidence_model_agreement,Confidence + model agreement,2,True,PrimaryConfidenceMargin >= ConfidenceThreshold AND ModelAgreement == True,True,False,False,1.8769480935326004,,,False,False,120,80,40,0.66666666666666663,66.666666666666671,0.33333333333333331,33.333333333333336,2,0.025000000000000001,2.5,0.97499999999999998,0.984375,0.9375,0.9609375,1,63,15,1,1
confidence_model_agreement,Confidence + model agreement,2,True,PrimaryConfidenceMargin >= ConfidenceThreshold AND ModelAgreement == True,True,False,False,1.8681245355626106,,,False,False,120,81,39,0.67500000000000004,67.5,0.32500000000000001,32.5,2,0.024691358024691357,2.4691358024691357,0.97530864197530864,0.984375,0.94117647058823528,0.96277573529411764,1,63,16,1,1
confidence_model_agreement,Confidence + model agreement,2,True,PrimaryConfidenceMargin >= ConfidenceThreshold AND ModelAgreement == True,True,False,False,1.7864629547709412,,,False,False,120,82,38,0.68333333333333335,68.333333333333329,0.31666666666666665,31.666666666666668,2,0.024390243902439025,2.4390243902439024,0.97560975609756095,0.98461538461538467,0.94117647058823528,0.96289592760180998,1,64,16,1,1
confidence_model_agreement,Confidence + model agreement,2,True,PrimaryConfidenceMargin >= ConfidenceThreshold AND ModelAgreement == True,True,False,False,1.752051469123177,,,False,False,120,83,37,0.69166666666666665,69.166666666666671,0.30833333333333335,30.833333333333332,2,0.024096385542168676,2.4096385542168677,0.97590361445783136,0.98461538461538467,0.94444444444444442,0.96452991452991454,1,64,17,1,1
confidence_model_agreement,Confidence + model agreement,2,True,PrimaryConfidenceMargin >= ConfidenceThreshold AND ModelAgreement == True,True,False,False,1.7292572105420478,,,False,False,120,84,36,0.69999999999999996,70,0.29999999999999999,30,2,0.023809523809523808,2.3809523809523809,0.97619047619047616,0.98461538461538467,0.94736842105263153,0.96599190283400804,1,64,18,1,1
confidence_model_agreement,Confidence + model agreement,2,True,PrimaryConfidenceMargin >= ConfidenceThreshold AND ModelAgreement == True,True,False,False,1.7081771520571318,,,False,False,120,85,35,0.70833333333333337,70.833333333333329,0.29166666666666669,29.166666666666668,2,0.023529411764705882,2.3529411764705883,0.97647058823529409,0.98461538461538467,0.94999999999999996,0.96730769230769231,1,64,19,1,1
confidence_model_agreement,Confidence + model agreement,2,True,PrimaryConfidenceMargin >= ConfidenceThreshold AND ModelAgreement == True,True,False,False,1.6859737917447295,,,False,False,120,86,34,0.71666666666666667,71.666666666666671,0.28333333333333333,28.333333333333332,2,0.023255813953488372,2.3255813953488373,0.97674418604651159,0.98461538461538467,0.95238095238095233,0.9684981684981685,1,64,20,1,1
confidence_model_agreement,Confidence + model agreement,2,True,PrimaryConfidenceMargin >= ConfidenceThreshold AND ModelAgreement == True,True,False,False,1.6706882935072138,,,False,False,120,87,33,0.72499999999999998,72.5,0.27500000000000002,27.5,2,0.022988505747126436,2.2988505747126435,0.97701149425287359,0.98461538461538467,0.95454545454545459,0.96958041958041963,1,64,21,1,1
confidence_model_agreement,Confidence + model agreement,2,True,PrimaryConfidenceMargin >= ConfidenceThreshold AND ModelAgreement == True,True,False,False,1.6118236613357837,,,False,False,120,88,32,0.73333333333333328,73.333333333333329,0.26666666666666666,26.666666666666668,2,0.022727272727272728,2.2727272727272729,0.97727272727272729,0.98484848484848486,0.95454545454545459,0.96969696969696972,1,65,21,1,1
confidence_model_agreement,Confidence + model agreement,2,True,PrimaryConfidenceMargin >= ConfidenceThreshold AND ModelAgreement == True,True,False,False,1.5050770738603521,,,False,False,120,89,31,0.7416666666666667,74.166666666666671,0.25833333333333336,25.833333333333332,2,0.02247191011235955,2.2471910112359552,0.97752808988764039,0.9850746268656716,0.95454545454545459,0.96981004070556309,1,66,21,1,1
confidence_model_agreement,Confidence + model agreement,2,True,PrimaryConfidenceMargin >= ConfidenceThreshold AND ModelAgreement == True,True,False,False,1.4022270844412561,,,False,False,120,90,30,0.75,75,0.25,25,2,0.022222222222222223,2.2222222222222223,0.97777777777777775,0.9850746268656716,0.95652173913043481,0.97079818299805321,1,66,22,1,1
confidence_model_agreement,Confidence + model agreement,2,True,PrimaryConfidenceMargin >= ConfidenceThreshold AND ModelAgreement == True,True,False,False,1.2172114485182921,,,False,False,120,91,29,0.7583333333333333,75.833333333333329,0.24166666666666667,24.166666666666668,2,0.02197802197802198,2.197802197802198,0.97802197802197799,0.98529411764705888,0.95652173913043481,0.97090792838874684,1,67,22,1,1
confidence_model_agreement,Confidence + model agreement,2,True,PrimaryConfidenceMargin >= ConfidenceThreshold AND ModelAgreement == True,True,False,False,1.1941334606077159,,,False,False,120,92,28,0.76666666666666672,76.666666666666671,0.23333333333333334,23.333333333333332,2,0.021739130434782608,2.1739130434782608,0.97826086956521741,0.98529411764705888,0.95833333333333337,0.97181372549019618,1,67,23,1,1
confidence_model_agreement,Confidence + model agreement,2,True,PrimaryConfidenceMargin >= ConfidenceThreshold AND ModelAgreement == True,True,False,False,1.13739060061254,,,False,False,120,93,27,0.77500000000000002,77.5,0.22500000000000001,22.5,2,0.021505376344086023,2.150537634408602,0.978494623655914,0.98529411764705888,0.95999999999999996,0.97264705882352942,1,67,24,1,1
confidence_model_agreement,Confidence + model agreement,2,True,PrimaryConfidenceMargin >= ConfidenceThreshold AND ModelAgreement == True,True,False,False,1.1234185478789076,,,False,False,120,94,26,0.78333333333333333,78.333333333333329,0.21666666666666667,21.666666666666668,2,0.021276595744680851,2.1276595744680851,0.97872340425531912,0.98550724637681164,0.95999999999999996,0.97275362318840575,1,68,24,1,1
confidence_model_agreement,Confidence + model agreement,2,True,PrimaryConfidenceMargin >= ConfidenceThreshold AND ModelAgreement == True,True,False,False,0.91139438445638454,,,False,False,120,95,25,0.79166666666666663,79.166666666666671,0.20833333333333334,20.833333333333332,2,0.021052631578947368,2.1052631578947367,0.97894736842105268,0.98571428571428577,0.95999999999999996,0.97285714285714286,1,69,24,1,1
confidence_model_agreement,Confidence + model agreement,2,True,PrimaryConfidenceMargin >= ConfidenceThreshold AND ModelAgreement == True,True,False,False,0.83179976063869354,,,False,False,120,96,24,0.80000000000000004,80,0.20000000000000001,20,2,0.020833333333333332,2.0833333333333335,0.97916666666666663,0.9859154929577465,0.95999999999999996,0.97295774647887323,1,70,24,1,1
confidence_model_agreement,Confidence + model agreement,2,True,PrimaryConfidenceMargin >= ConfidenceThreshold AND ModelAgreement == True,True,False,False,0.8077568640843964,,,False,False,120,97,23,0.80833333333333335,80.833333333333329,0.19166666666666668,19.166666666666668,3,0.030927835051546393,3.0927835051546393,0.96907216494845361,0.9859154929577465,0.92307692307692313,0.95449620801733481,1,70,24,2,1
confidence_model_agreement,Confidence + model agreement,2,True,PrimaryConfidenceMargin >= ConfidenceThreshold AND ModelAgreement == True,True,False,False,0.76638986778852169,,,False,False,120,98,22,0.81666666666666665,81.666666666666671,0.18333333333333332,18.333333333333332,3,0.030612244897959183,3.0612244897959182,0.96938775510204078,0.98611111111111116,0.92307692307692313,0.95459401709401714,1,71,24,2,1
confidence_model_agreement,Confidence + model agreement,2,True,PrimaryConfidenceMargin >= ConfidenceThreshold AND ModelAgreement == True,True,False,False,0.73695406291178678,,,False,False,120,99,21,0.82499999999999996,82.5,0.17499999999999999,17.5,3,0.030303030303030304,3.0303030303030303,0.96969696969696972,0.98630136986301364,0.92307692307692313,0.95468914646996839,1,72,24,2,1
confidence_model_agreement,Confidence + model agreement,2,True,PrimaryConfidenceMargin >= ConfidenceThreshold AND ModelAgreement == True,True,False,False,0.69510615395179842,,,False,False,120,100,20,0.83333333333333337,83.333333333333329,0.16666666666666666,16.666666666666668,4,0.040000000000000001,4,0.95999999999999996,0.97297297297297303,0.92307692307692313,0.94802494802494808,2,72,24,2,2
confidence_model_agreement,Confidence + model agreement,2,True,PrimaryConfidenceMargin >= ConfidenceThreshold AND ModelAgreement == True,True,False,False,0.5123573658874756,,,False,False,120,101,19,0.84166666666666667,84.166666666666671,0.15833333333333333,15.833333333333334,4,0.039603960396039604,3.9603960396039604,0.96039603960396036,0.97333333333333338,0.92307692307692313,0.94820512820512826,2,73,24,2,2
confidence_model_agreement,Confidence + model agreement,2,True,PrimaryConfidenceMargin >= ConfidenceThreshold AND ModelAgreement == True,True,False,False,0.50927913018746063,,,False,False,120,102,18,0.84999999999999998,85,0.14999999999999999,15,4,0.039215686274509803,3.9215686274509802,0.96078431372549022,0.97368421052631582,0.92307692307692313,0.94838056680161942,2,74,24,2,2
confidence_model_agreement,Confidence + model agreement,2,True,PrimaryConfidenceMargin >= ConfidenceThreshold AND ModelAgreement == True,True,False,False,0.49062786677433845,,,False,False,120,103,17,0.85833333333333328,85.833333333333329,0.14166666666666666,14.166666666666666,5,0.048543689320388349,4.8543689320388346,0.95145631067961167,0.96103896103896103,0.92307692307692313,0.94205794205794202,3,74,24,2,3
confidence_model_agreement,Confidence + model agreement,2,True,PrimaryConfidenceMargin >= ConfidenceThreshold AND ModelAgreement == True,True,False,False,0.48033624580943846,,,False,False,120,104,16,0.8666666666666667,86.666666666666671,0.13333333333333333,13.333333333333334,5,0.04807692307692308,4.8076923076923075,0.95192307692307687,0.96103896103896103,0.92592592592592593,0.94348244348244348,3,74,25,2,3
confidence_model_agreement,Confidence + model agreement,2,True,PrimaryConfidenceMargin >= ConfidenceThreshold AND ModelAgreement == True,True,False,False,0.40900645555606818,,,False,False,120,105,15,0.875,87.5,0.125,12.5,5,0.047619047619047616,4.7619047619047619,0.95238095238095233,0.96153846153846156,0.92592592592592593,0.94373219373219375,3,75,25,2,3
confidence_model_agreement,Confidence + model agreement,2,True,PrimaryConfidenceMargin >= ConfidenceThreshold AND ModelAgreement == True,True,False,False,0.4057950280164957,,,False,False,120,106,14,0.8833333333333333,88.333333333333329,0.11666666666666667,11.666666666666666,5,0.04716981132075472,4.716981132075472,0.95283018867924529,0.96153846153846156,0.9285714285714286,0.94505494505494503,3,75,26,2,3
confidence_model_agreement,Confidence + model agreement,2,True,PrimaryConfidenceMargin >= ConfidenceThreshold AND ModelAgreement == True,True,False,False,0.24169623520724892,,,False,False,120,107,13,0.89166666666666672,89.166666666666671,0.10833333333333334,10.833333333333334,5,0.046728971962616821,4.6728971962616823,0.95327102803738317,0.96202531645569622,0.9285714285714286,0.94529837251356241,3,76,26,2,3
confidence_model_agreement,Confidence + model agreement,2,True,PrimaryConfidenceMargin >= ConfidenceThreshold AND ModelAgreement == True,True,False,False,0.22019142937855252,,,False,False,120,108,12,0.90000000000000002,90,0.10000000000000001,10,6,0.055555555555555552,5.5555555555555554,0.94444444444444442,0.94999999999999996,0.9285714285714286,0.93928571428571428,4,76,26,2,4
confidence_model_agreement,Confidence + model agreement,2,True,PrimaryConfidenceMargin >= ConfidenceThreshold AND ModelAgreement == True,True,False,False,0.054363915198679003,,,False,False,120,109,11,0.90833333333333333,90.833333333333329,0.09166666666666666,9.1666666666666661,6,0.055045871559633031,5.5045871559633026,0.94495412844036697,0.95061728395061729,0.9285714285714286,0.93959435626102294,4,77,26,2,4
confidence_model_agreement,Confidence + model agreement,2,True,PrimaryConfidenceMargin >= ConfidenceThreshold AND ModelAgreement == True,True,False,False,0.037441908480615904,,,False,False,120,110,10,0.91666666666666663,91.666666666666671,0.083333333333333329,8.3333333333333339,6,0.054545454545454543,5.4545454545454541,0.94545454545454544,0.95061728395061729,0.93103448275862066,0.94082588335461903,4,77,27,2,4
confidence_model_agreement,Confidence + model agreement,2,True,PrimaryConfidenceMargin >= ConfidenceThreshold AND ModelAgreement == True,True,False,False,0.0021831670001128956,,,False,False,120,111,9,0.92500000000000004,92.5,0.074999999999999997,7.5,6,0.054054054054054057,5.4054054054054053,0.94594594594594594,0.95061728395061729,0.93333333333333335,0.94197530864197532,4,77,28,2,4
confidence_model_agreement,Confidence + model agreement,2,True,PrimaryConfidenceMargin >= ConfidenceThreshold AND ModelAgreement == True,True,False,False,0.0021789637962887909,,,False,False,120,112,8,0.93333333333333335,93.333333333333329,0.066666666666666666,6.666666666666667,6,0.053571428571428568,5.3571428571428568,0.9464285714285714,0.95121951219512191,0.93333333333333335,0.94227642276422763,4,78,28,2,4
confidence_view_sd,Confidence + view SD,2,True,PrimaryConfidenceMargin >= ConfidenceThreshold AND Day3StdViewProbability <= ViewSDThreshold,False,True,False,inf,0.42641146551730086,,False,False,120,0,120,0,0,1,100,0,,,,,,,0,0,0,0,0
confidence_view_sd,Confidence + view SD,2,True,PrimaryConfidenceMargin >= ConfidenceThreshold AND Day3StdViewProbability <= ViewSDThreshold,False,True,False,7.6831209953185766,0.42641146551730086,,False,False,120,1,119,0.0083333333333333332,0.83333333333333337,0.9916666666666667,99.166666666666671,0,0,0,1,1,,,0,1,0,0,0
confidence_view_sd,Confidence + view SD,2,True,PrimaryConfidenceMargin >= ConfidenceThreshold AND Day3StdViewProbability <= ViewSDThreshold,False,True,False,6.6856964866057425,0.42641146551730086,,False,False,120,2,118,0.016666666666666666,1.6666666666666667,0.98333333333333328,98.333333333333329,0,0,0,1,1,,,0,2,0,0,0
confidence_view_sd,Confidence + view SD,2,True,PrimaryConfidenceMargin >= ConfidenceThreshold AND Day3StdViewProbability <= ViewSDThreshold,False,True,False,6.6488173728535465,0.42641146551730086,,False,False,120,3,117,0.025000000000000001,2.5,0.97499999999999998,97.5,0,0,0,1,1,,,0,3,0,0,0
confidence_view_sd,Confidence + view SD,2,True,PrimaryConfidenceMargin >= ConfidenceThreshold AND Day3StdViewProbability <= ViewSDThreshold,False,True,False,6.5773796704546772,0.42641146551730086,,False,False,120,4,116,0.033333333333333333,3.3333333333333335,0.96666666666666667,96.666666666666671,0,0,0,1,1,,,0,4,0,0,0
confidence_view_sd,Confidence + view SD,2,True,PrimaryConfidenceMargin >= ConfidenceThreshold AND Day3StdViewProbability <= ViewSDThreshold,False,True,False,6.3458647179932628,0.42641146551730086,,False,False,120,5,115,0.041666666666666664,4.166666666666667,0.95833333333333337,95.833333333333329,0,0,0,1,1,,,0,5,0,0,0
confidence_view_sd,Confidence + view SD,2,True,PrimaryConfidenceMargin >= ConfidenceThreshold AND Day3StdViewProbability <= ViewSDThreshold,False,True,False,6.2098610748637686,0.42641146551730086,,False,False,120,6,114,0.050000000000000003,5,0.94999999999999996,95,0,0,0,1,1,,,0,6,0,0,0
confidence_view_sd,Confidence + view SD,2,True,PrimaryConfidenceMargin >= ConfidenceThreshold AND Day3StdViewProbability <= ViewSDThreshold,False,True,False,6.1881994063343893,0.42641146551730086,,False,False,120,7,113,0.058333333333333334,5.833333333333333,0.94166666666666665,94.166666666666671,0,0,0,1,1,,,0,7,0,0,0
confidence_view_sd,Confidence + view SD,2,True,PrimaryConfidenceMargin >= ConfidenceThreshold AND Day3StdViewProbability <= ViewSDThreshold,False,True,False,6.185215732493913,0.42641146551730086,,False,False,120,8,112,0.066666666666666666,6.666666666666667,0.93333333333333335,93.333333333333329,0,0,0,1,1,,,0,8,0,0,0
confidence_view_sd,Confidence + view SD,2,True,PrimaryConfidenceMargin >= ConfidenceThreshold AND Day3StdViewProbability <= ViewSDThreshold,False,True,False,6.0812452116579809,0.42641146551730086,,False,False,120,9,111,0.074999999999999997,7.5,0.92500000000000004,92.5,0,0,0,1,1,,,0,9,0,0,0
confidence_view_sd,Confidence + view SD,2,True,PrimaryConfidenceMargin >= ConfidenceThreshold AND Day3StdViewProbability <= ViewSDThreshold,False,True,False,5.9995846087355114,0.42641146551730086,,False,False,120,10,110,0.083333333333333329,8.3333333333333339,0.91666666666666663,91.666666666666671,0,0,0,1,1,,,0,10,0,0,0
confidence_view_sd,Confidence + view SD,2,True,PrimaryConfidenceMargin >= ConfidenceThreshold AND Day3StdViewProbability <= ViewSDThreshold,False,True,False,5.8910641863515174,0.42641146551730086,,False,False,120,11,109,0.09166666666666666,9.1666666666666661,0.90833333333333333,90.833333333333329,0,0,0,1,1,,,0,11,0,0,0
confidence_view_sd,Confidence + view SD,2,True,PrimaryConfidenceMargin >= ConfidenceThreshold AND Day3StdViewProbability <= ViewSDThreshold,False,True,False,5.7602437231072496,0.42641146551730086,,False,False,120,12,108,0.10000000000000001,10,0.90000000000000002,90,0,0,0,1,1,,,0,12,0,0,0
confidence_view_sd,Confidence + view SD,2,True,PrimaryConfidenceMargin >= ConfidenceThreshold AND Day3StdViewProbability <= ViewSDThreshold,False,True,False,5.7529399846346703,0.42641146551730086,,False,False,120,13,107,0.10833333333333334,10.833333333333334,0.89166666666666672,89.166666666666671,0,0,0,1,1,,,0,13,0,0,0
confidence_view_sd,Confidence + view SD,2,True,PrimaryConfidenceMargin >= ConfidenceThreshold AND Day3StdViewProbability <= ViewSDThreshold,False,True,False,5.6253442424435782,0.42641146551730086,,False,False,120,14,106,0.11666666666666667,11.666666666666666,0.8833333333333333,88.333333333333329,0,0,0,1,1,,,0,14,0,0,0
confidence_view_sd,Confidence + view SD,2,True,PrimaryConfidenceMargin >= ConfidenceThreshold AND Day3StdViewProbability <= ViewSDThreshold,False,True,False,5.5534049928315135,0.42641146551730086,,False,False,120,15,105,0.125,12.5,0.875,87.5,0,0,0,1,1,,,0,15,0,0,0
confidence_view_sd,Confidence + view SD,2,True,PrimaryConfidenceMargin >= ConfidenceThreshold AND Day3StdViewProbability <= ViewSDThreshold,False,True,False,5.5282075543019378,0.42641146551730086,,False,False,120,16,104,0.13333333333333333,13.333333333333334,0.8666666666666667,86.666666666666671,0,0,0,1,1,,,0,16,0,0,0
confidence_view_sd,Confidence + view SD,2,True,PrimaryConfidenceMargin >= ConfidenceThreshold AND Day3StdViewProbability <= ViewSDThreshold,False,True,False,0.0021789637962887909,0.0015020193532109261,,True,False,120,17,103,0.14166666666666666,14.166666666666666,0.85833333333333328,85.833333333333329,0,0,0,1,1,1,1,0,16,1,0,0
confidence_view_sd,Confidence + view SD,2,True,PrimaryConfidenceMargin >= ConfidenceThreshold AND Day3StdViewProbability <= ViewSDThreshold,False,True,False,0.0021789637962887909,0.0018848667015003997,,True,False,120,18,102,0.14999999999999999,15,0.84999999999999998,85,0,0,0,1,1,1,1,0,17,1,0,0
confidence_view_sd,Confidence + view SD,2,True,PrimaryConfidenceMargin >= ConfidenceThreshold AND Day3StdViewProbability <= ViewSDThreshold,False,True,False,0.0021789637962887909,0.0019632154464974618,,True,False,120,19,101,0.15833333333333333,15.833333333333334,0.84166666666666667,84.166666666666671,0,0,0,1,1,1,1,0,18,1,0,0
confidence_view_sd,Confidence + view SD,2,True,PrimaryConfidenceMargin >= ConfidenceThreshold AND Day3StdViewProbability <= ViewSDThreshold,False,True,False,0.0021789637962887909,0.0021097368386965259,,True,False,120,20,100,0.16666666666666666,16.666666666666668,0.83333333333333337,83.333333333333329,0,0,0,1,1,1,1,0,19,1,0,0
confidence_view_sd,Confidence + view SD,2,True,PrimaryConfidenceMargin >= ConfidenceThreshold AND Day3StdViewProbability <= ViewSDThreshold,False,True,False,0.0021789637962887909,0.0022077978875448003,,True,False,120,21,99,0.17499999999999999,17.5,0.82499999999999996,82.5,0,0,0,1,1,1,1,0,20,1,0,0
confidence_view_sd,Confidence + view SD,2,True,PrimaryConfidenceMargin >= ConfidenceThreshold AND Day3StdViewProbability <= ViewSDThreshold,False,True,False,0.0021789637962887909,0.0033562572583273435,,True,False,120,22,98,0.18333333333333332,18.333333333333332,0.81666666666666665,81.666666666666671,0,0,0,1,1,1,1,0,21,1,0,0
confidence_view_sd,Confidence + view SD,2,True,PrimaryConfidenceMargin >= ConfidenceThreshold AND Day3StdViewProbability <= ViewSDThreshold,False,True,False,0.0021789637962887909,0.0033928974762363331,,True,False,120,23,97,0.19166666666666668,19.166666666666668,0.80833333333333335,80.833333333333329,0,0,0,1,1,1,1,0,22,1,0,0
confidence_view_sd,Confidence + view SD,2,True,PrimaryConfidenceMargin >= ConfidenceThreshold AND Day3StdViewProbability <= ViewSDThreshold,False,True,False,1.2172114485182921,0.0039108068177864438,,True,False,120,24,96,0.20000000000000001,20,0.80000000000000004,80,0,0,0,1,1,1,1,0,23,1,0,0
confidence_view_sd,Confidence + view SD,2,True,PrimaryConfidenceMargin >= ConfidenceThreshold AND Day3StdViewProbability <= ViewSDThreshold,False,True,False,1.2172114485182921,0.0042080366624423163,,True,False,120,25,95,0.20833333333333334,20.833333333333332,0.79166666666666663,79.166666666666671,0,0,0,1,1,1,1,0,24,1,0,0
confidence_view_sd,Confidence + view SD,2,True,PrimaryConfidenceMargin >= ConfidenceThreshold AND Day3StdViewProbability <= ViewSDThreshold,False,True,False,1.2172114485182921,0.0044873393876144778,,True,False,120,26,94,0.21666666666666667,21.666666666666668,0.78333333333333333,78.333333333333329,0,0,0,1,1,1,1,0,25,1,0,0
confidence_view_sd,Confidence + view SD,2,True,PrimaryConfidenceMargin >= ConfidenceThreshold AND Day3StdViewProbability <= ViewSDThreshold,False,True,False,1.2172114485182921,0.0049174115376024886,,True,False,120,27,93,0.22500000000000001,22.5,0.77500000000000002,77.5,0,0,0,1,1,1,1,0,26,1,0,0
confidence_view_sd,Confidence + view SD,2,True,PrimaryConfidenceMargin >= ConfidenceThreshold AND Day3StdViewProbability <= ViewSDThreshold,False,True,False,2.2761303594308688,0.0057483522641865736,,True,False,120,28,92,0.23333333333333334,23.333333333333332,0.76666666666666672,76.666666666666671,0,0,0,1,1,1,1,0,27,1,0,0
confidence_view_sd,Confidence + view SD,2,True,PrimaryConfidenceMargin >= ConfidenceThreshold AND Day3StdViewProbability <= ViewSDThreshold,False,True,False,2.5563292901410848,0.0062117777363077517,,True,False,120,29,91,0.24166666666666667,24.166666666666668,0.7583333333333333,75.833333333333329,0,0,0,1,1,1,1,0,28,1,0,0
confidence_view_sd,Confidence + view SD,2,True,PrimaryConfidenceMargin >= ConfidenceThreshold AND Day3StdViewProbability <= ViewSDThreshold,False,True,False,2.5563292901410848,0.0072790222956453949,,True,False,120,30,90,0.25,25,0.75,75,0,0,0,1,1,1,1,0,29,1,0,0
confidence_view_sd,Confidence + view SD,2,True,PrimaryConfidenceMargin >= ConfidenceThreshold AND Day3StdViewProbability <= ViewSDThreshold,False,True,False,3.0973517214122892,0.0086931122646665051,,True,False,120,31,89,0.25833333333333336,25.833333333333332,0.7416666666666667,74.166666666666671,0,0,0,1,1,1,1,0,30,1,0,0
confidence_view_sd,Confidence + view SD,2,True,PrimaryConfidenceMargin >= ConfidenceThreshold AND Day3StdViewProbability <= ViewSDThreshold,False,True,False,3.0973517214122892,0.0089190267803118152,,True,False,120,32,88,0.26666666666666666,26.666666666666668,0.73333333333333328,73.333333333333329,0,0,0,1,1,1,1,0,31,1,0,0
confidence_view_sd,Confidence + view SD,2,True,PrimaryConfidenceMargin >= ConfidenceThreshold AND Day3StdViewProbability <= ViewSDThreshold,False,True,False,3.0973517214122892,0.01013280248949496,,True,False,120,33,87,0.27500000000000002,27.5,0.72499999999999998,72.5,0,0,0,1,1,1,1,0,32,1,0,0
confidence_view_sd,Confidence + view SD,2,True,PrimaryConfidenceMargin >= ConfidenceThreshold AND Day3StdViewProbability <= ViewSDThreshold,False,True,False,3.0973517214122892,0.01439293283760984,,True,False,120,34,86,0.28333333333333333,28.333333333333332,0.71666666666666667,71.666666666666671,0,0,0,1,1,1,1,0,33,1,0,0
confidence_view_sd,Confidence + view SD,2,True,PrimaryConfidenceMargin >= ConfidenceThreshold AND Day3StdViewProbability <= ViewSDThreshold,False,True,False,3.0973517214122892,0.014460890841075472,,True,False,120,35,85,0.29166666666666669,29.166666666666668,0.70833333333333337,70.833333333333329,0,0,0,1,1,1,1,0,34,1,0,0
confidence_view_sd,Confidence + view SD,2,True,PrimaryConfidenceMargin >= ConfidenceThreshold AND Day3StdViewProbability <= ViewSDThreshold,False,True,False,3.0973517214122892,0.016056326318454592,,True,False,120,36,84,0.29999999999999999,30,0.69999999999999996,70,0,0,0,1,1,1,1,0,35,1,0,0
confidence_view_sd,Confidence + view SD,2,True,PrimaryConfidenceMargin >= ConfidenceThreshold AND Day3StdViewProbability <= ViewSDThreshold,False,True,False,3.0973517214122892,0.025234889396357162,,True,False,120,37,83,0.30833333333333335,30.833333333333332,0.69166666666666665,69.166666666666671,0,0,0,1,1,1,1,0,36,1,0,0
confidence_view_sd,Confidence + view SD,2,True,PrimaryConfidenceMargin >= ConfidenceThreshold AND Day3StdViewProbability <= ViewSDThreshold,False,True,False,3.0973517214122892,0.026215617920782995,,True,False,120,38,82,0.31666666666666665,31.666666666666668,0.68333333333333335,68.333333333333329,0,0,0,1,1,1,1,0,37,1,0,0
confidence_view_sd,Confidence + view SD,2,True,PrimaryConfidenceMargin >= ConfidenceThreshold AND Day3StdViewProbability <= ViewSDThreshold,False,True,False,3.0973517214122892,0.031551000369992352,,True,False,120,39,81,0.32500000000000001,32.5,0.67500000000000004,67.5,0,0,0,1,1,1,1,0,38,1,0,0
confidence_view_sd,Confidence + view SD,2,True,PrimaryConfidenceMargin >= ConfidenceThreshold AND Day3StdViewProbability <= ViewSDThreshold,False,True,False,3.0973517214122892,0.032510478031244294,,True,False,120,40,80,0.33333333333333331,33.333333333333336,0.66666666666666663,66.666666666666671,0,0,0,1,1,1,1,0,39,1,0,0
confidence_view_sd,Confidence + view SD,2,True,PrimaryConfidenceMargin >= ConfidenceThreshold AND Day3StdViewProbability <= ViewSDThreshold,False,True,False,3.0973517214122892,0.042604398159249018,,True,False,120,41,79,0.34166666666666667,34.166666666666664,0.65833333333333333,65.833333333333329,0,0,0,1,1,1,1,0,40,1,0,0
confidence_view_sd,Confidence + view SD,2,True,PrimaryConfidenceMargin >= ConfidenceThreshold AND Day3StdViewProbability <= ViewSDThreshold,False,True,False,3.0973517214122892,0.052125424496475711,,True,False,120,42,78,0.34999999999999998,35,0.65000000000000002,65,0,0,0,1,1,1,1,0,41,1,0,0
confidence_view_sd,Confidence + view SD,2,True,PrimaryConfidenceMargin >= ConfidenceThreshold AND Day3StdViewProbability <= ViewSDThreshold,False,True,False,3.0973517214122892,0.053530724647535527,,True,False,120,43,77,0.35833333333333334,35.833333333333336,0.64166666666666672,64.166666666666671,0,0,0,1,1,1,1,0,42,1,0,0
confidence_view_sd,Confidence + view SD,2,True,PrimaryConfidenceMargin >= ConfidenceThreshold AND Day3StdViewProbability <= ViewSDThreshold,False,True,False,3.0973517214122892,0.12323715202407438,,True,False,120,44,76,0.36666666666666664,36.666666666666664,0.6333333333333333,63.333333333333336,0,0,0,1,1,1,1,0,43,1,0,0
confidence_view_sd,Confidence + view SD,2,True,PrimaryConfidenceMargin >= ConfidenceThreshold AND Day3StdViewProbability <= ViewSDThreshold,False,True,False,3.0973517214122892,0.12535558529119079,,True,False,120,45,75,0.375,37.5,0.625,62.5,0,0,0,1,1,1,1,0,44,1,0,0
confidence_view_sd,Confidence + view SD,2,True,PrimaryConfidenceMargin >= ConfidenceThreshold AND Day3StdViewProbability <= ViewSDThreshold,False,True,False,3.0973517214122892,0.12753073349117125,,True,False,120,46,74,0.38333333333333336,38.333333333333336,0.6166666666666667,61.666666666666664,0,0,0,1,1,1,1,0,45,1,0,0
confidence_view_sd,Confidence + view SD,2,True,PrimaryConfidenceMargin >= ConfidenceThreshold AND Day3StdViewProbability <= ViewSDThreshold,False,True,False,3.0973517214122892,0.14997460062111087,,True,False,120,47,73,0.39166666666666666,39.166666666666664,0.60833333333333328,60.833333333333336,0,0,0,1,1,1,1,0,46,1,0,0
confidence_view_sd,Confidence + view SD,2,True,PrimaryConfidenceMargin >= ConfidenceThreshold AND Day3StdViewProbability <= ViewSDThreshold,False,True,False,3.0973517214122892,0.15166426296017393,,True,False,120,48,72,0.40000000000000002,40,0.59999999999999998,60,0,0,0,1,1,1,1,0,47,1,0,0
confidence_view_sd,Confidence + view SD,2,True,PrimaryConfidenceMargin >= ConfidenceThreshold AND Day3StdViewProbability <= ViewSDThreshold,False,True,False,3.0973517214122892,0.18754015494544521,,True,False,120,49,71,0.40833333333333333,40.833333333333336,0.59166666666666667,59.166666666666664,0,0,0,1,1,1,1,0,48,1,0,0
confidence_view_sd,Confidence + view SD,2,True,PrimaryConfidenceMargin >= ConfidenceThreshold AND Day3StdViewProbability <= ViewSDThreshold,False,True,False,3.0973517214122892,0.20791518373803561,,True,False,120,50,70,0.41666666666666669,41.666666666666664,0.58333333333333337,58.333333333333336,0,0,0,1,1,1,1,0,49,1,0,0
confidence_view_sd,Confidence + view SD,2,True,PrimaryConfidenceMargin >= ConfidenceThreshold AND Day3StdViewProbability <= ViewSDThreshold,False,True,False,3.0973517214122892,0.2473906852664744,,True,False,120,51,69,0.42499999999999999,42.5,0.57499999999999996,57.5,0,0,0,1,1,1,1,0,50,1,0,0
confidence_view_sd,Confidence + view SD,2,True,PrimaryConfidenceMargin >= ConfidenceThreshold AND Day3StdViewProbability <= ViewSDThreshold,False,True,False,3.0973517214122892,0.24768043384777108,,True,False,120,52,68,0.43333333333333335,43.333333333333336,0.56666666666666665,56.666666666666664,0,0,0,1,1,1,1,0,51,1,0,0
confidence_view_sd,Confidence + view SD,2,True,PrimaryConfidenceMargin >= ConfidenceThreshold AND Day3StdViewProbability <= ViewSDThreshold,False,True,False,3.0973517214122892,0.32098396075423402,,True,False,120,53,67,0.44166666666666665,44.166666666666664,0.55833333333333335,55.833333333333336,0,0,0,1,1,1,1,0,52,1,0,0
confidence_view_sd,Confidence + view SD,2,True,PrimaryConfidenceMargin >= ConfidenceThreshold AND Day3StdViewProbability <= ViewSDThreshold,False,True,False,3.0973517214122892,0.32263677078434599,,True,False,120,54,66,0.45000000000000001,45,0.55000000000000004,55,0,0,0,1,1,1,1,0,53,1,0,0
confidence_view_sd,Confidence + view SD,2,True,PrimaryConfidenceMargin >= ConfidenceThreshold AND Day3StdViewProbability <= ViewSDThreshold,False,True,False,3.0973517214122892,0.32718212997011148,,True,False,120,55,65,0.45833333333333331,45.833333333333336,0.54166666666666663,54.166666666666664,0,0,0,1,1,1,1,0,54,1,0,0
confidence_view_sd,Confidence + view SD,2,True,PrimaryConfidenceMargin >= ConfidenceThreshold AND Day3StdViewProbability <= ViewSDThreshold,False,True,False,3.0973517214122892,0.33363105903550427,,True,False,120,56,64,0.46666666666666667,46.666666666666664,0.53333333333333333,53.333333333333336,0,0,0,1,1,1,1,0,55,1,0,0
confidence_view_sd,Confidence + view SD,2,True,PrimaryConfidenceMargin >= ConfidenceThreshold AND Day3StdViewProbability <= ViewSDThreshold,False,True,False,3.0973517214122892,0.42641146551730086,,False,False,120,57,63,0.47499999999999998,47.5,0.52500000000000002,52.5,0,0,0,1,1,1,1,0,56,1,0,0
confidence_view_sd,Confidence + view SD,2,True,PrimaryConfidenceMargin >= ConfidenceThreshold AND Day3StdViewProbability <= ViewSDThreshold,False,True,False,2.8795473957240052,0.42641146551730086,,False,False,120,58,62,0.48333333333333334,48.333333333333336,0.51666666666666672,51.666666666666664,0,0,0,1,1,1,1,0,57,1,0,0
confidence_view_sd,Confidence + view SD,2,True,PrimaryConfidenceMargin >= ConfidenceThreshold AND Day3StdViewProbability <= ViewSDThreshold,False,True,False,2.8073297849695087,0.42641146551730086,,False,False,120,59,61,0.49166666666666664,49.166666666666664,0.5083333333333333,50.833333333333336,0,0,0,1,1,1,1,0,57,2,0,0
confidence_view_sd,Confidence + view SD,2,True,PrimaryConfidenceMargin >= ConfidenceThreshold AND Day3StdViewProbability <= ViewSDThreshold,False,True,False,2.7774445572096869,0.42641146551730086,,False,False,120,60,60,0.5,50,0.5,50,0,0,0,1,1,1,1,0,57,3,0,0
confidence_view_sd,Confidence + view SD,2,True,PrimaryConfidenceMargin >= ConfidenceThreshold AND Day3StdViewProbability <= ViewSDThreshold,False,True,False,2.7052958606332651,0.42641146551730086,,False,False,120,61,59,0.5083333333333333,50.833333333333336,0.49166666666666664,49.166666666666664,0,0,0,1,1,1,1,0,58,3,0,0
confidence_view_sd,Confidence + view SD,2,True,PrimaryConfidenceMargin >= ConfidenceThreshold AND Day3StdViewProbability <= ViewSDThreshold,False,True,False,2.5563292901410848,0.42641146551730086,,False,False,120,62,58,0.51666666666666672,51.666666666666664,0.48333333333333334,48.333333333333336,0,0,0,1,1,1,1,0,58,4,0,0
confidence_view_sd,Confidence + view SD,2,True,PrimaryConfidenceMargin >= ConfidenceThreshold AND Day3StdViewProbability <= ViewSDThreshold,False,True,False,2.4215075101575114,0.42641146551730086,,False,False,120,63,57,0.52500000000000002,52.5,0.47499999999999998,47.5,0,0,0,1,1,1,1,0,58,5,0,0
confidence_view_sd,Confidence + view SD,2,True,PrimaryConfidenceMargin >= ConfidenceThreshold AND Day3StdViewProbability <= ViewSDThreshold,False,True,False,2.3660370520422691,0.42641146551730086,,False,False,120,64,56,0.53333333333333333,53.333333333333336,0.46666666666666667,46.666666666666664,0,0,0,1,1,1,1,0,58,6,0,0
confidence_view_sd,Confidence + view SD,2,True,PrimaryConfidenceMargin >= ConfidenceThreshold AND Day3StdViewProbability <= ViewSDThreshold,False,True,False,2.326630215597373,0.42641146551730086,,False,False,120,65,55,0.54166666666666663,54.166666666666664,0.45833333333333331,45.833333333333336,0,0,0,1,1,1,1,0,58,7,0,0
confidence_view_sd,Confidence + view SD,2,True,PrimaryConfidenceMargin >= ConfidenceThreshold AND Day3StdViewProbability <= ViewSDThreshold,False,True,False,2.2857694226834049,0.42641146551730086,,False,False,120,66,54,0.55000000000000004,55,0.45000000000000001,45,0,0,0,1,1,1,1,0,59,7,0,0
confidence_view_sd,Confidence + view SD,2,True,PrimaryConfidenceMargin >= ConfidenceThreshold AND Day3StdViewProbability <= ViewSDThreshold,False,True,False,2.2761303594308688,0.42641146551730086,,False,False,120,67,53,0.55833333333333335,55.833333333333336,0.44166666666666665,44.166666666666664,0,0,0,1,1,1,1,0,59,8,0,0
confidence_view_sd,Confidence + view SD,2,True,PrimaryConfidenceMargin >= ConfidenceThreshold AND Day3StdViewProbability <= ViewSDThreshold,False,True,False,2.2684818536441216,0.42641146551730086,,False,False,120,68,52,0.56666666666666665,56.666666666666664,0.43333333333333335,43.333333333333336,0,0,0,1,1,1,1,0,59,9,0,0
confidence_view_sd,Confidence + view SD,2,True,PrimaryConfidenceMargin >= ConfidenceThreshold AND Day3StdViewProbability <= ViewSDThreshold,False,True,False,2.2084707824028404,0.42641146551730086,,False,False,120,69,51,0.57499999999999996,57.5,0.42499999999999999,42.5,0,0,0,1,1,1,1,0,60,9,0,0
confidence_view_sd,Confidence + view SD,2,True,PrimaryConfidenceMargin >= ConfidenceThreshold AND Day3StdViewProbability <= ViewSDThreshold,False,True,False,2.1838475205583059,0.42641146551730086,,False,False,120,70,50,0.58333333333333337,58.333333333333336,0.41666666666666669,41.666666666666664,1,0.014285714285714285,1.4285714285714286,0.98571428571428577,1,0.90000000000000002,0.94999999999999996,0,60,9,1,0
confidence_view_sd,Confidence + view SD,2,True,PrimaryConfidenceMargin >= ConfidenceThreshold AND Day3StdViewProbability <= ViewSDThreshold,False,True,False,2.1284394988275337,0.33322164747457844,,True,False,120,71,49,0.59166666666666667,59.166666666666664,0.40833333333333333,40.833333333333336,1,0.014084507042253521,1.408450704225352,0.9859154929577465,0.98333333333333328,1,0.9916666666666667,1,59,11,0,1
confidence_view_sd,Confidence + view SD,2,True,PrimaryConfidenceMargin >= ConfidenceThreshold AND Day3StdViewProbability <= ViewSDThreshold,False,True,False,1.9866783804094184,0.3184758880922276,,True,False,120,72,48,0.59999999999999998,60,0.40000000000000002,40,1,0.013888888888888888,1.3888888888888888,0.98611111111111116,0.98305084745762716,1,0.99152542372881358,1,58,13,0,1
confidence_view_sd,Confidence + view SD,2,True,PrimaryConfidenceMargin >= ConfidenceThreshold AND Day3StdViewProbability <= ViewSDThreshold,False,True,False,1.9652879044258156,0.3184758880922276,,True,False,120,73,47,0.60833333333333328,60.833333333333336,0.39166666666666666,39.166666666666664,1,0.013698630136986301,1.3698630136986301,0.98630136986301364,0.98305084745762716,1,0.99152542372881358,1,58,14,0,1
confidence_view_sd,Confidence + view SD,2,True,PrimaryConfidenceMargin >= ConfidenceThreshold AND Day3StdViewProbability <= ViewSDThreshold,False,True,False,1.9383561777706655,0.3184758880922276,,True,False,120,74,46,0.6166666666666667,61.666666666666664,0.38333333333333336,38.333333333333336,1,0.013513513513513514,1.3513513513513513,0.98648648648648651,0.98333333333333328,1,0.9916666666666667,1,59,14,0,1
confidence_view_sd,Confidence + view SD,2,True,PrimaryConfidenceMargin >= ConfidenceThreshold AND Day3StdViewProbability <= ViewSDThreshold,False,True,False,1.8769480935326004,0.3184758880922276,,True,False,120,75,45,0.625,62.5,0.375,37.5,1,0.013333333333333334,1.3333333333333333,0.98666666666666669,0.98333333333333328,1,0.9916666666666667,1,59,15,0,1
confidence_view_sd,Confidence + view SD,2,True,PrimaryConfidenceMargin >= ConfidenceThreshold AND Day3StdViewProbability <= ViewSDThreshold,False,True,False,1.8681245355626106,0.3184758880922276,,True,False,120,76,44,0.6333333333333333,63.333333333333336,0.36666666666666664,36.666666666666664,1,0.013157894736842105,1.3157894736842106,0.98684210526315785,0.98333333333333328,1,0.9916666666666667,1,59,16,0,1
confidence_view_sd,Confidence + view SD,2,True,PrimaryConfidenceMargin >= ConfidenceThreshold AND Day3StdViewProbability <= ViewSDThreshold,False,True,False,1.7864629547709412,0.3184758880922276,,True,False,120,77,43,0.64166666666666672,64.166666666666671,0.35833333333333334,35.833333333333336,1,0.012987012987012988,1.2987012987012987,0.98701298701298701,0.98360655737704916,1,0.99180327868852458,1,60,16,0,1
confidence_view_sd,Confidence + view SD,2,True,PrimaryConfidenceMargin >= ConfidenceThreshold AND Day3StdViewProbability <= ViewSDThreshold,False,True,False,1.752051469123177,0.3184758880922276,,True,False,120,78,42,0.65000000000000002,65,0.34999999999999998,35,1,0.01282051282051282,1.2820512820512822,0.98717948717948723,0.98360655737704916,1,0.99180327868852458,1,60,17,0,1
confidence_view_sd,Confidence + view SD,2,True,PrimaryConfidenceMargin >= ConfidenceThreshold AND Day3StdViewProbability <= ViewSDThreshold,False,True,False,1.7292572105420478,0.3184758880922276,,True,False,120,79,41,0.65833333333333333,65.833333333333329,0.34166666666666667,34.166666666666664,1,0.012658227848101266,1.2658227848101267,0.98734177215189878,0.98360655737704916,1,0.99180327868852458,1,60,18,0,1
confidence_view_sd,Confidence + view SD,2,True,PrimaryConfidenceMargin >= ConfidenceThreshold AND Day3StdViewProbability <= ViewSDThreshold,False,True,False,1.7081771520571318,0.3184758880922276,,True,False,120,80,40,0.66666666666666663,66.666666666666671,0.33333333333333331,33.333333333333336,1,0.012500000000000001,1.25,0.98750000000000004,0.98360655737704916,1,0.99180327868852458,1,60,19,0,1
confidence_view_sd,Confidence + view SD,2,True,PrimaryConfidenceMargin >= ConfidenceThreshold AND Day3StdViewProbability <= ViewSDThreshold,False,True,False,1.6859737917447295,0.3184758880922276,,True,False,120,81,39,0.67500000000000004,67.5,0.32500000000000001,32.5,1,0.012345679012345678,1.2345679012345678,0.98765432098765427,0.98360655737704916,1,0.99180327868852458,1,60,20,0,1
confidence_view_sd,Confidence + view SD,2,True,PrimaryConfidenceMargin >= ConfidenceThreshold AND Day3StdViewProbability <= ViewSDThreshold,False,True,False,1.5274385258338825,0.3184758880922276,,True,False,120,82,38,0.68333333333333335,68.333333333333329,0.31666666666666665,31.666666666666668,1,0.012195121951219513,1.2195121951219512,0.98780487804878048,0.98360655737704916,1,0.99180327868852458,1,60,21,0,1
confidence_view_sd,Confidence + view SD,2,True,PrimaryConfidenceMargin >= ConfidenceThreshold AND Day3StdViewProbability <= ViewSDThreshold,False,True,False,1.4022270844412561,0.31222281576648309,,True,False,120,83,37,0.69166666666666665,69.166666666666671,0.30833333333333335,30.833333333333332,1,0.012048192771084338,1.2048192771084338,0.98795180722891562,0.98360655737704916,1,0.99180327868852458,1,60,22,0,1
confidence_view_sd,Confidence + view SD,2,True,PrimaryConfidenceMargin >= ConfidenceThreshold AND Day3StdViewProbability <= ViewSDThreshold,False,True,False,1.2172114485182921,0.31222281576648309,,True,False,120,84,36,0.69999999999999996,70,0.29999999999999999,30,1,0.011904761904761904,1.1904761904761905,0.98809523809523814,0.9838709677419355,1,0.99193548387096775,1,61,22,0,1
confidence_view_sd,Confidence + view SD,2,True,PrimaryConfidenceMargin >= ConfidenceThreshold AND Day3StdViewProbability <= ViewSDThreshold,False,True,False,1.1941334606077159,0.31222281576648309,,True,False,120,85,35,0.70833333333333337,70.833333333333329,0.29166666666666669,29.166666666666668,1,0.011764705882352941,1.1764705882352942,0.9882352941176471,0.9838709677419355,1,0.99193548387096775,1,61,23,0,1
confidence_view_sd,Confidence + view SD,2,True,PrimaryConfidenceMargin >= ConfidenceThreshold AND Day3StdViewProbability <= ViewSDThreshold,False,True,False,1.1234185478789076,0.31222281576648309,,True,False,120,86,34,0.71666666666666667,71.666666666666671,0.28333333333333333,28.333333333333332,1,0.011627906976744186,1.1627906976744187,0.98837209302325579,0.9838709677419355,1,0.99193548387096775,1,61,24,0,1
confidence_view_sd,Confidence + view SD,2,True,PrimaryConfidenceMargin >= ConfidenceThreshold AND Day3StdViewProbability <= ViewSDThreshold,False,True,False,0.91139438445638454,0.31222281576648309,,True,False,120,87,33,0.72499999999999998,72.5,0.27500000000000002,27.5,1,0.011494252873563218,1.1494252873563218,0.9885057471264368,0.98412698412698407,1,0.99206349206349209,1,62,24,0,1
confidence_view_sd,Confidence + view SD,2,True,PrimaryConfidenceMargin >= ConfidenceThreshold AND Day3StdViewProbability <= ViewSDThreshold,False,True,False,0.8077568640843964,0.31222281576648309,,True,False,120,88,32,0.73333333333333328,73.333333333333329,0.26666666666666666,26.666666666666668,1,0.011363636363636364,1.1363636363636365,0.98863636363636365,0.984375,1,0.9921875,1,63,24,0,1
confidence_view_sd,Confidence + view SD,2,True,PrimaryConfidenceMargin >= ConfidenceThreshold AND Day3StdViewProbability <= ViewSDThreshold,False,True,False,0.73695406291178678,0.31222281576648309,,True,False,120,89,31,0.7416666666666667,74.166666666666671,0.25833333333333336,25.833333333333332,1,0.011235955056179775,1.1235955056179776,0.9887640449438202,0.98461538461538467,1,0.99230769230769234,1,64,24,0,1
confidence_view_sd,Confidence + view SD,2,True,PrimaryConfidenceMargin >= ConfidenceThreshold AND Day3StdViewProbability <= ViewSDThreshold,False,True,False,0.73695406291178678,0.3184758880922276,,True,False,120,90,30,0.75,75,0.25,25,2,0.022222222222222223,2.2222222222222223,0.97777777777777775,0.96969696969696972,1,0.98484848484848486,2,64,24,0,2
confidence_view_sd,Confidence + view SD,2,True,PrimaryConfidenceMargin >= ConfidenceThreshold AND Day3StdViewProbability <= ViewSDThreshold,False,True,False,0.58934120281005065,0.31222281576648309,,True,False,120,91,29,0.7583333333333333,75.833333333333329,0.24166666666666667,24.166666666666668,2,0.02197802197802198,2.197802197802198,0.97802197802197799,0.97014925373134331,1,0.9850746268656716,2,65,24,0,2
confidence_view_sd,Confidence + view SD,2,True,PrimaryConfidenceMargin >= ConfidenceThreshold AND Day3StdViewProbability <= ViewSDThreshold,False,True,False,0.57663168477921811,0.31222281576648309,,True,False,120,92,28,0.76666666666666672,76.666666666666671,0.23333333333333334,23.333333333333332,3,0.032608695652173912,3.2608695652173911,0.96739130434782605,0.97014925373134331,0.95999999999999996,0.96507462686567158,2,65,24,1,2
confidence_view_sd,Confidence + view SD,2,True,PrimaryConfidenceMargin >= ConfidenceThreshold AND Day3StdViewProbability <= ViewSDThreshold,False,True,False,0.5123573658874756,0.31222281576648309,,True,False,120,93,27,0.77500000000000002,77.5,0.22500000000000001,22.5,3,0.032258064516129031,3.225806451612903,0.967741935483871,0.97058823529411764,0.95999999999999996,0.96529411764705886,2,66,24,1,2
confidence_view_sd,Confidence + view SD,2,True,PrimaryConfidenceMargin >= ConfidenceThreshold AND Day3StdViewProbability <= ViewSDThreshold,False,True,False,0.50927913018746063,0.31222281576648309,,True,False,120,94,26,0.78333333333333333,78.333333333333329,0.21666666666666667,21.666666666666668,3,0.031914893617021274,3.1914893617021276,0.96808510638297873,0.97101449275362317,0.95999999999999996,0.96550724637681151,2,67,24,1,2
confidence_view_sd,Confidence + view SD,2,True,PrimaryConfidenceMargin >= ConfidenceThreshold AND Day3StdViewProbability <= ViewSDThreshold,False,True,False,0.0021789637962887909,0.26843370659204319,,True,False,120,95,25,0.79166666666666663,79.166666666666671,0.20833333333333334,20.833333333333332,4,0.042105263157894736,4.2105263157894735,0.95789473684210524,0.95522388059701491,0.9642857142857143,0.9597547974413646,3,64,27,1,3
confidence_view_sd,Confidence + view SD,2,True,PrimaryConfidenceMargin >= ConfidenceThreshold AND Day3StdViewProbability <= ViewSDThreshold,False,True,False,0.0021789637962887909,0.28696844019511142,,True,False,120,96,24,0.80000000000000004,80,0.20000000000000001,20,4,0.041666666666666664,4.166666666666667,0.95833333333333337,0.95588235294117652,0.9642857142857143,0.96008403361344541,3,65,27,1,3
confidence_view_sd,Confidence + view SD,2,True,PrimaryConfidenceMargin >= ConfidenceThreshold AND Day3StdViewProbability <= ViewSDThreshold,False,True,False,0.24169623520724892,0.31222281576648309,,True,False,120,97,23,0.80833333333333335,80.833333333333329,0.19166666666666668,19.166666666666668,4,0.041237113402061855,4.1237113402061851,0.95876288659793818,0.95714285714285718,0.96296296296296291,0.96005291005291005,3,67,26,1,3
confidence_view_sd,Confidence + view SD,2,True,PrimaryConfidenceMargin >= ConfidenceThreshold AND Day3StdViewProbability <= ViewSDThreshold,False,True,False,0.91139438445638454,0.42641146551730086,,False,False,120,98,22,0.81666666666666665,81.666666666666671,0.18333333333333332,18.333333333333332,4,0.040816326530612242,4.0816326530612246,0.95918367346938771,0.95890410958904104,0.95999999999999996,0.95945205479452045,3,70,24,1,3
confidence_view_sd,Confidence + view SD,2,True,PrimaryConfidenceMargin >= ConfidenceThreshold AND Day3StdViewProbability <= ViewSDThreshold,False,True,False,0.83179976063869354,0.42641146551730086,,False,False,120,99,21,0.82499999999999996,82.5,0.17499999999999999,17.5,4,0.040404040404040407,4.0404040404040407,0.95959595959595956,0.95945945945945943,0.95999999999999996,0.9597297297297297,3,71,24,1,3
confidence_view_sd,Confidence + view SD,2,True,PrimaryConfidenceMargin >= ConfidenceThreshold AND Day3StdViewProbability <= ViewSDThreshold,False,True,False,0.8077568640843964,0.42641146551730086,,False,False,120,100,20,0.83333333333333337,83.333333333333329,0.16666666666666666,16.666666666666668,5,0.050000000000000003,5,0.94999999999999996,0.95945945945945943,0.92307692307692313,0.94126819126819128,3,71,24,2,3
confidence_view_sd,Confidence + view SD,2,True,PrimaryConfidenceMargin >= ConfidenceThreshold AND Day3StdViewProbability <= ViewSDThreshold,False,True,False,0.76638986778852169,0.42641146551730086,,False,False,120,101,19,0.84166666666666667,84.166666666666671,0.15833333333333333,15.833333333333334,5,0.049504950495049507,4.9504950495049505,0.95049504950495045,0.95999999999999996,0.92307692307692313,0.94153846153846155,3,72,24,2,3
confidence_view_sd,Confidence + view SD,2,True,PrimaryConfidenceMargin >= ConfidenceThreshold AND Day3StdViewProbability <= ViewSDThreshold,False,True,False,0.73695406291178678,0.42641146551730086,,False,False,120,102,18,0.84999999999999998,85,0.14999999999999999,15,5,0.049019607843137254,4.9019607843137258,0.9509803921568627,0.96052631578947367,0.92307692307692313,0.9418016194331984,3,73,24,2,3
confidence_view_sd,Confidence + view SD,2,True,PrimaryConfidenceMargin >= ConfidenceThreshold AND Day3StdViewProbability <= ViewSDThreshold,False,True,False,0.69510615395179842,0.42641146551730086,,False,False,120,103,17,0.85833333333333328,85.833333333333329,0.14166666666666666,14.166666666666666,6,0.058252427184466021,5.825242718446602,0.94174757281553401,0.94805194805194803,0.92307692307692313,0.93556443556443558,4,73,24,2,4
confidence_view_sd,Confidence + view SD,2,True,PrimaryConfidenceMargin >= ConfidenceThreshold AND Day3StdViewProbability <= ViewSDThreshold,False,True,False,0.66950903260411021,0.42641146551730086,,False,False,120,104,16,0.8666666666666667,86.666666666666671,0.13333333333333333,13.333333333333334,6,0.057692307692307696,5.7692307692307692,0.94230769230769229,0.94871794871794868,0.92307692307692313,0.9358974358974359,4,74,24,2,4
confidence_view_sd,Confidence + view SD,2,True,PrimaryConfidenceMargin >= ConfidenceThreshold AND Day3StdViewProbability <= ViewSDThreshold,False,True,False,0.58934120281005065,0.42641146551730086,,False,False,120,105,15,0.875,87.5,0.125,12.5,6,0.057142857142857141,5.7142857142857144,0.94285714285714284,0.94936708860759489,0.92307692307692313,0.93622200584225901,4,75,24,2,4
confidence_view_sd,Confidence + view SD,2,True,PrimaryConfidenceMargin >= ConfidenceThreshold AND Day3StdViewProbability <= ViewSDThreshold,False,True,False,0.58038266594430166,0.42641146551730086,,False,False,120,106,14,0.8833333333333333,88.333333333333329,0.11666666666666667,11.666666666666666,7,0.066037735849056603,6.6037735849056602,0.93396226415094341,0.94936708860759489,0.88888888888888884,0.91912798874824186,4,75,24,3,4
confidence_view_sd,Confidence + view SD,2,True,PrimaryConfidenceMargin >= ConfidenceThreshold AND Day3StdViewProbability <= ViewSDThreshold,False,True,False,0.50927913018746063,0.40762878674145997,,True,False,120,107,13,0.89166666666666672,89.166666666666671,0.10833333333333334,10.833333333333334,7,0.065420560747663545,6.5420560747663554,0.93457943925233644,0.94999999999999996,0.88888888888888884,0.9194444444444444,4,76,24,3,4
confidence_view_sd,Confidence + view SD,2,True,PrimaryConfidenceMargin >= ConfidenceThreshold AND Day3StdViewProbability <= ViewSDThreshold,False,True,False,0.24169623520724892,0.3519833473606262,,True,False,120,108,12,0.90000000000000002,90,0.10000000000000001,10,8,0.07407407407407407,7.4074074074074074,0.92592592592592593,0.93670886075949367,0.89655172413793105,0.91663029244871241,5,74,26,3,5
confidence_view_sd,Confidence + view SD,2,True,PrimaryConfidenceMargin >= ConfidenceThreshold AND Day3StdViewProbability <= ViewSDThreshold,False,True,False,0.24169623520724892,0.36675687990171379,,True,False,120,109,11,0.90833333333333333,90.833333333333329,0.09166666666666666,9.1666666666666661,8,0.073394495412844041,7.3394495412844041,0.92660550458715596,0.9375,0.89655172413793105,0.91702586206896552,5,75,26,3,5
confidence_view_sd,Confidence + view SD,2,True,PrimaryConfidenceMargin >= ConfidenceThreshold AND Day3StdViewProbability <= ViewSDThreshold,False,True,False,0.24169623520724892,0.36718017390311741,,True,False,120,110,10,0.91666666666666663,91.666666666666671,0.083333333333333329,8.3333333333333339,8,0.072727272727272724,7.2727272727272725,0.92727272727272725,0.93827160493827155,0.89655172413793105,0.9174116645381013,5,76,26,3,5
confidence_view_sd,Confidence + view SD,2,True,PrimaryConfidenceMargin >= ConfidenceThreshold AND Day3StdViewProbability <= ViewSDThreshold,False,True,False,0.4057950280164957,0.40762878674145997,,True,False,120,111,9,0.92500000000000004,92.5,0.074999999999999997,7.5,8,0.072072072072072071,7.2072072072072073,0.92792792792792789,0.93902439024390238,0.89655172413793105,0.91778805719091672,5,77,26,3,5
confidence_view_sd,Confidence + view SD,2,True,PrimaryConfidenceMargin >= ConfidenceThreshold AND Day3StdViewProbability <= ViewSDThreshold,False,True,False,0.24169623520724892,0.40762878674145997,,True,False,120,112,8,0.93333333333333335,93.333333333333329,0.066666666666666666,6.666666666666667,8,0.071428571428571425,7.1428571428571432,0.9285714285714286,0.93975903614457834,0.89655172413793105,0.91815538014125475,5,78,26,3,5
confidence_view_sd,Confidence + view SD,2,True,PrimaryConfidenceMargin >= ConfidenceThreshold AND Day3StdViewProbability <= ViewSDThreshold,False,True,False,0.0021831670001128956,0.3519833473606262,,True,False,120,113,7,0.94166666666666665,94.166666666666671,0.058333333333333334,5.833333333333333,9,0.079646017699115043,7.9646017699115044,0.92035398230088494,0.92592592592592593,0.90625,0.91608796296296302,6,75,29,3,6
confidence_view_sd,Confidence + view SD,2,True,PrimaryConfidenceMargin >= ConfidenceThreshold AND Day3StdViewProbability <= ViewSDThreshold,False,True,False,0.0021831670001128956,0.36675687990171379,,True,False,120,114,6,0.94999999999999996,95,0.050000000000000003,5,9,0.078947368421052627,7.8947368421052628,0.92105263157894735,0.92682926829268297,0.90625,0.91653963414634143,6,76,29,3,6
confidence_view_sd,Confidence + view SD,2,True,PrimaryConfidenceMargin >= ConfidenceThreshold AND Day3StdViewProbability <= ViewSDThreshold,False,True,False,0.0021831670001128956,0.36718017390311741,,True,False,120,115,5,0.95833333333333337,95.833333333333329,0.041666666666666664,4.166666666666667,9,0.078260869565217397,7.8260869565217392,0.92173913043478262,0.92771084337349397,0.90625,0.91698042168674698,6,77,29,3,6
confidence_view_sd,Confidence + view SD,2,True,PrimaryConfidenceMargin >= ConfidenceThreshold AND Day3StdViewProbability <= ViewSDThreshold,False,True,False,0.0021831670001128956,0.38792884722103771,,True,False,120,116,4,0.96666666666666667,96.666666666666671,0.033333333333333333,3.3333333333333335,9,0.077586206896551727,7.7586206896551726,0.92241379310344829,0.9285714285714286,0.90625,0.9174107142857143,6,78,29,3,6
confidence_view_sd,Confidence + view SD,2,True,PrimaryConfidenceMargin >= ConfidenceThreshold AND Day3StdViewProbability <= ViewSDThreshold,False,True,False,0.0021831670001128956,0.40762878674145997,,True,False,120,117,3,0.97499999999999998,97.5,0.025000000000000001,2.5,9,0.076923076923076927,7.6923076923076925,0.92307692307692313,0.92941176470588238,0.90625,0.91783088235294119,6,79,29,3,6
confidence_view_sd,Confidence + view SD,2,True,PrimaryConfidenceMargin >= ConfidenceThreshold AND Day3StdViewProbability <= ViewSDThreshold,False,True,False,0.0021789637962887909,0.40762878674145997,,True,False,120,118,2,0.98333333333333328,98.333333333333329,0.016666666666666666,1.6666666666666667,9,0.076271186440677971,7.6271186440677967,0.92372881355932202,0.93023255813953487,0.90625,0.91824127906976738,6,80,29,3,6
confidence_view_sd,Confidence + view SD,2,True,PrimaryConfidenceMargin >= ConfidenceThreshold AND Day3StdViewProbability <= ViewSDThreshold,False,True,False,0.0021831670001128956,0.42641146551730086,,False,False,120,119,1,0.9916666666666667,99.166666666666671,0.0083333333333333332,0.83333333333333337,10,0.084033613445378158,8.4033613445378155,0.91596638655462181,0.91954022988505746,0.90625,0.91289511494252873,7,80,29,3,7
confidence_view_sd,Confidence + view SD,2,True,PrimaryConfidenceMargin >= ConfidenceThreshold AND Day3StdViewProbability <= ViewSDThreshold,False,True,False,0.0021789637962887909,0.42641146551730086,,False,False,120,120,0,1,100,0,0,10,0.083333333333333329,8.3333333333333339,0.91666666666666663,0.92045454545454541,0.90625,0.91335227272727271,7,81,29,3,7
full_reliability,Confidence + agreement + view SD + feature typicality,4,True,PrimaryConfidenceMargin >= ConfidenceThreshold AND ModelAgreement == True AND Day3StdViewProbability <= ViewSDThreshold AND PredictedClassReferencePercentile <= FeaturePercentileThreshold,True,True,True,inf,0.42641146551730086,98.360655737704917,False,False,120,0,120,0,0,1,100,0,,,,,,,0,0,0,0,0
full_reliability,Confidence + agreement + view SD + feature typicality,4,True,PrimaryConfidenceMargin >= ConfidenceThreshold AND ModelAgreement == True AND Day3StdViewProbability <= ViewSDThreshold AND PredictedClassReferencePercentile <= FeaturePercentileThreshold,True,True,True,7.6831209953185766,0.42641146551730086,98.360655737704917,False,False,120,1,119,0.0083333333333333332,0.83333333333333337,0.9916666666666667,99.166666666666671,0,0,0,1,1,,,0,1,0,0,0
full_reliability,Confidence + agreement + view SD + feature typicality,4,True,PrimaryConfidenceMargin >= ConfidenceThreshold AND ModelAgreement == True AND Day3StdViewProbability <= ViewSDThreshold AND PredictedClassReferencePercentile <= FeaturePercentileThreshold,True,True,True,6.6856964866057425,0.42641146551730086,98.360655737704917,False,False,120,2,118,0.016666666666666666,1.6666666666666667,0.98333333333333328,98.333333333333329,0,0,0,1,1,,,0,2,0,0,0
full_reliability,Confidence + agreement + view SD + feature typicality,4,True,PrimaryConfidenceMargin >= ConfidenceThreshold AND ModelAgreement == True AND Day3StdViewProbability <= ViewSDThreshold AND PredictedClassReferencePercentile <= FeaturePercentileThreshold,True,True,True,6.6488173728535465,0.42641146551730086,98.360655737704917,False,False,120,3,117,0.025000000000000001,2.5,0.97499999999999998,97.5,0,0,0,1,1,,,0,3,0,0,0
full_reliability,Confidence + agreement + view SD + feature typicality,4,True,PrimaryConfidenceMargin >= ConfidenceThreshold AND ModelAgreement == True AND Day3StdViewProbability <= ViewSDThreshold AND PredictedClassReferencePercentile <= FeaturePercentileThreshold,True,True,True,6.5773796704546772,0.42641146551730086,98.360655737704917,False,False,120,4,116,0.033333333333333333,3.3333333333333335,0.96666666666666667,96.666666666666671,0,0,0,1,1,,,0,4,0,0,0
full_reliability,Confidence + agreement + view SD + feature typicality,4,True,PrimaryConfidenceMargin >= ConfidenceThreshold AND ModelAgreement == True AND Day3StdViewProbability <= ViewSDThreshold AND PredictedClassReferencePercentile <= FeaturePercentileThreshold,True,True,True,6.3458647179932628,0.42641146551730086,98.360655737704917,False,False,120,5,115,0.041666666666666664,4.166666666666667,0.95833333333333337,95.833333333333329,0,0,0,1,1,,,0,5,0,0,0
full_reliability,Confidence + agreement + view SD + feature typicality,4,True,PrimaryConfidenceMargin >= ConfidenceThreshold AND ModelAgreement == True AND Day3StdViewProbability <= ViewSDThreshold AND PredictedClassReferencePercentile <= FeaturePercentileThreshold,True,True,True,6.2098610748637686,0.42641146551730086,98.360655737704917,False,False,120,6,114,0.050000000000000003,5,0.94999999999999996,95,0,0,0,1,1,,,0,6,0,0,0
full_reliability,Confidence + agreement + view SD + feature typicality,4,True,PrimaryConfidenceMargin >= ConfidenceThreshold AND ModelAgreement == True AND Day3StdViewProbability <= ViewSDThreshold AND PredictedClassReferencePercentile <= FeaturePercentileThreshold,True,True,True,6.1881994063343893,0.42641146551730086,98.360655737704917,False,False,120,7,113,0.058333333333333334,5.833333333333333,0.94166666666666665,94.166666666666671,0,0,0,1,1,,,0,7,0,0,0
full_reliability,Confidence + agreement + view SD + feature typicality,4,True,PrimaryConfidenceMargin >= ConfidenceThreshold AND ModelAgreement == True AND Day3StdViewProbability <= ViewSDThreshold AND PredictedClassReferencePercentile <= FeaturePercentileThreshold,True,True,True,6.185215732493913,0.42641146551730086,98.360655737704917,False,False,120,8,112,0.066666666666666666,6.666666666666667,0.93333333333333335,93.333333333333329,0,0,0,1,1,,,0,8,0,0,0
full_reliability,Confidence + agreement + view SD + feature typicality,4,True,PrimaryConfidenceMargin >= ConfidenceThreshold AND ModelAgreement == True AND Day3StdViewProbability <= ViewSDThreshold AND PredictedClassReferencePercentile <= FeaturePercentileThreshold,True,True,True,0.0021789637962887909,0.0044873393876144778,21.311475409836067,True,True,120,9,111,0.074999999999999997,7.5,0.92500000000000004,92.5,0,0,0,1,1,1,1,0,8,1,0,0
full_reliability,Confidence + agreement + view SD + feature typicality,4,True,PrimaryConfidenceMargin >= ConfidenceThreshold AND ModelAgreement == True AND Day3StdViewProbability <= ViewSDThreshold AND PredictedClassReferencePercentile <= FeaturePercentileThreshold,True,True,True,0.0021789637962887909,0.0057483522641865736,21.311475409836067,True,True,120,10,110,0.083333333333333329,8.3333333333333339,0.91666666666666663,91.666666666666671,0,0,0,1,1,1,1,0,9,1,0,0
full_reliability,Confidence + agreement + view SD + feature typicality,4,True,PrimaryConfidenceMargin >= ConfidenceThreshold AND ModelAgreement == True AND Day3StdViewProbability <= ViewSDThreshold AND PredictedClassReferencePercentile <= FeaturePercentileThreshold,True,True,True,0.0021789637962887909,0.0039108068177864438,23.195876288659793,True,True,120,11,109,0.09166666666666666,9.1666666666666661,0.90833333333333333,90.833333333333329,0,0,0,1,1,1,1,0,10,1,0,0
full_reliability,Confidence + agreement + view SD + feature typicality,4,True,PrimaryConfidenceMargin >= ConfidenceThreshold AND ModelAgreement == True AND Day3StdViewProbability <= ViewSDThreshold AND PredictedClassReferencePercentile <= FeaturePercentileThreshold,True,True,True,0.0021789637962887909,0.0039108068177864438,29.508196721311474,True,True,120,12,108,0.10000000000000001,10,0.90000000000000002,90,0,0,0,1,1,1,1,0,11,1,0,0
full_reliability,Confidence + agreement + view SD + feature typicality,4,True,PrimaryConfidenceMargin >= ConfidenceThreshold AND ModelAgreement == True AND Day3StdViewProbability <= ViewSDThreshold AND PredictedClassReferencePercentile <= FeaturePercentileThreshold,True,True,True,0.0021789637962887909,0.0039108068177864438,44.329896907216494,True,True,120,13,107,0.10833333333333334,10.833333333333334,0.89166666666666672,89.166666666666671,0,0,0,1,1,1,1,0,12,1,0,0
full_reliability,Confidence + agreement + view SD + feature typicality,4,True,PrimaryConfidenceMargin >= ConfidenceThreshold AND ModelAgreement == True AND Day3StdViewProbability <= ViewSDThreshold AND PredictedClassReferencePercentile <= FeaturePercentileThreshold,True,True,True,0.0021789637962887909,0.0039108068177864438,45.360824742268044,True,True,120,14,106,0.11666666666666667,11.666666666666666,0.8833333333333333,88.333333333333329,0,0,0,1,1,1,1,0,13,1,0,0
full_reliability,Confidence + agreement + view SD + feature typicality,4,True,PrimaryConfidenceMargin >= ConfidenceThreshold AND ModelAgreement == True AND Day3StdViewProbability <= ViewSDThreshold AND PredictedClassReferencePercentile <= FeaturePercentileThreshold,True,True,True,0.0021789637962887909,0.0039108068177864438,49.180327868852459,True,True,120,15,105,0.125,12.5,0.875,87.5,0,0,0,1,1,1,1,0,14,1,0,0
full_reliability,Confidence + agreement + view SD + feature typicality,4,True,PrimaryConfidenceMargin >= ConfidenceThreshold AND ModelAgreement == True AND Day3StdViewProbability <= ViewSDThreshold AND PredictedClassReferencePercentile <= FeaturePercentileThreshold,True,True,True,0.0021789637962887909,0.0039108068177864438,51.546391752577321,True,True,120,16,104,0.13333333333333333,13.333333333333334,0.8666666666666667,86.666666666666671,0,0,0,1,1,1,1,0,15,1,0,0
full_reliability,Confidence + agreement + view SD + feature typicality,4,True,PrimaryConfidenceMargin >= ConfidenceThreshold AND ModelAgreement == True AND Day3StdViewProbability <= ViewSDThreshold AND PredictedClassReferencePercentile <= FeaturePercentileThreshold,True,True,True,0.0021789637962887909,0.0015020193532109261,98.360655737704917,True,False,120,17,103,0.14166666666666666,14.166666666666666,0.85833333333333328,85.833333333333329,0,0,0,1,1,1,1,0,16,1,0,0
full_reliability,Confidence + agreement + view SD + feature typicality,4,True,PrimaryConfidenceMargin >= ConfidenceThreshold AND ModelAgreement == True AND Day3StdViewProbability <= ViewSDThreshold AND PredictedClassReferencePercentile <= FeaturePercentileThreshold,True,True,True,0.0021789637962887909,0.0018848667015003997,98.360655737704917,True,False,120,18,102,0.14999999999999999,15,0.84999999999999998,85,0,0,0,1,1,1,1,0,17,1,0,0
full_reliability,Confidence + agreement + view SD + feature typicality,4,True,PrimaryConfidenceMargin >= ConfidenceThreshold AND ModelAgreement == True AND Day3StdViewProbability <= ViewSDThreshold AND PredictedClassReferencePercentile <= FeaturePercentileThreshold,True,True,True,0.0021789637962887909,0.0019632154464974618,98.360655737704917,True,False,120,19,101,0.15833333333333333,15.833333333333334,0.84166666666666667,84.166666666666671,0,0,0,1,1,1,1,0,18,1,0,0
full_reliability,Confidence + agreement + view SD + feature typicality,4,True,PrimaryConfidenceMargin >= ConfidenceThreshold AND ModelAgreement == True AND Day3StdViewProbability <= ViewSDThreshold AND PredictedClassReferencePercentile <= FeaturePercentileThreshold,True,True,True,0.0021789637962887909,0.0021097368386965259,98.360655737704917,True,False,120,20,100,0.16666666666666666,16.666666666666668,0.83333333333333337,83.333333333333329,0,0,0,1,1,1,1,0,19,1,0,0
full_reliability,Confidence + agreement + view SD + feature typicality,4,True,PrimaryConfidenceMargin >= ConfidenceThreshold AND ModelAgreement == True AND Day3StdViewProbability <= ViewSDThreshold AND PredictedClassReferencePercentile <= FeaturePercentileThreshold,True,True,True,0.0021789637962887909,0.0022077978875448003,98.360655737704917,True,False,120,21,99,0.17499999999999999,17.5,0.82499999999999996,82.5,0,0,0,1,1,1,1,0,20,1,0,0
full_reliability,Confidence + agreement + view SD + feature typicality,4,True,PrimaryConfidenceMargin >= ConfidenceThreshold AND ModelAgreement == True AND Day3StdViewProbability <= ViewSDThreshold AND PredictedClassReferencePercentile <= FeaturePercentileThreshold,True,True,True,0.0021789637962887909,0.0033562572583273435,98.360655737704917,True,False,120,22,98,0.18333333333333332,18.333333333333332,0.81666666666666665,81.666666666666671,0,0,0,1,1,1,1,0,21,1,0,0
full_reliability,Confidence + agreement + view SD + feature typicality,4,True,PrimaryConfidenceMargin >= ConfidenceThreshold AND ModelAgreement == True AND Day3StdViewProbability <= ViewSDThreshold AND PredictedClassReferencePercentile <= FeaturePercentileThreshold,True,True,True,0.0021789637962887909,0.0033928974762363331,98.360655737704917,True,False,120,23,97,0.19166666666666668,19.166666666666668,0.80833333333333335,80.833333333333329,0,0,0,1,1,1,1,0,22,1,0,0
full_reliability,Confidence + agreement + view SD + feature typicality,4,True,PrimaryConfidenceMargin >= ConfidenceThreshold AND ModelAgreement == True AND Day3StdViewProbability <= ViewSDThreshold AND PredictedClassReferencePercentile <= FeaturePercentileThreshold,True,True,True,1.2172114485182921,0.0039108068177864438,98.360655737704917,True,False,120,24,96,0.20000000000000001,20,0.80000000000000004,80,0,0,0,1,1,1,1,0,23,1,0,0
full_reliability,Confidence + agreement + view SD + feature typicality,4,True,PrimaryConfidenceMargin >= ConfidenceThreshold AND ModelAgreement == True AND Day3StdViewProbability <= ViewSDThreshold AND PredictedClassReferencePercentile <= FeaturePercentileThreshold,True,True,True,1.2172114485182921,0.0042080366624423163,98.360655737704917,True,False,120,25,95,0.20833333333333334,20.833333333333332,0.79166666666666663,79.166666666666671,0,0,0,1,1,1,1,0,24,1,0,0
full_reliability,Confidence + agreement + view SD + feature typicality,4,True,PrimaryConfidenceMargin >= ConfidenceThreshold AND ModelAgreement == True AND Day3StdViewProbability <= ViewSDThreshold AND PredictedClassReferencePercentile <= FeaturePercentileThreshold,True,True,True,1.2172114485182921,0.0044873393876144778,98.360655737704917,True,False,120,26,94,0.21666666666666667,21.666666666666668,0.78333333333333333,78.333333333333329,0,0,0,1,1,1,1,0,25,1,0,0
full_reliability,Confidence + agreement + view SD + feature typicality,4,True,PrimaryConfidenceMargin >= ConfidenceThreshold AND ModelAgreement == True AND Day3StdViewProbability <= ViewSDThreshold AND PredictedClassReferencePercentile <= FeaturePercentileThreshold,True,True,True,1.2172114485182921,0.0049174115376024886,98.360655737704917,True,False,120,27,93,0.22500000000000001,22.5,0.77500000000000002,77.5,0,0,0,1,1,1,1,0,26,1,0,0
full_reliability,Confidence + agreement + view SD + feature typicality,4,True,PrimaryConfidenceMargin >= ConfidenceThreshold AND ModelAgreement == True AND Day3StdViewProbability <= ViewSDThreshold AND PredictedClassReferencePercentile <= FeaturePercentileThreshold,True,True,True,2.2761303594308688,0.0057483522641865736,98.360655737704917,True,False,120,28,92,0.23333333333333334,23.333333333333332,0.76666666666666672,76.666666666666671,0,0,0,1,1,1,1,0,27,1,0,0
full_reliability,Confidence + agreement + view SD + feature typicality,4,True,PrimaryConfidenceMargin >= ConfidenceThreshold AND ModelAgreement == True AND Day3StdViewProbability <= ViewSDThreshold AND PredictedClassReferencePercentile <= FeaturePercentileThreshold,True,True,True,2.5563292901410848,0.0062117777363077517,98.360655737704917,True,False,120,29,91,0.24166666666666667,24.166666666666668,0.7583333333333333,75.833333333333329,0,0,0,1,1,1,1,0,28,1,0,0
full_reliability,Confidence + agreement + view SD + feature typicality,4,True,PrimaryConfidenceMargin >= ConfidenceThreshold AND ModelAgreement == True AND Day3StdViewProbability <= ViewSDThreshold AND PredictedClassReferencePercentile <= FeaturePercentileThreshold,True,True,True,2.5563292901410848,0.0072790222956453949,98.360655737704917,True,False,120,30,90,0.25,25,0.75,75,0,0,0,1,1,1,1,0,29,1,0,0
full_reliability,Confidence + agreement + view SD + feature typicality,4,True,PrimaryConfidenceMargin >= ConfidenceThreshold AND ModelAgreement == True AND Day3StdViewProbability <= ViewSDThreshold AND PredictedClassReferencePercentile <= FeaturePercentileThreshold,True,True,True,3.0973517214122892,0.0086931122646665051,98.360655737704917,True,False,120,31,89,0.25833333333333336,25.833333333333332,0.7416666666666667,74.166666666666671,0,0,0,1,1,1,1,0,30,1,0,0
full_reliability,Confidence + agreement + view SD + feature typicality,4,True,PrimaryConfidenceMargin >= ConfidenceThreshold AND ModelAgreement == True AND Day3StdViewProbability <= ViewSDThreshold AND PredictedClassReferencePercentile <= FeaturePercentileThreshold,True,True,True,3.0973517214122892,0.0089190267803118152,98.360655737704917,True,False,120,32,88,0.26666666666666666,26.666666666666668,0.73333333333333328,73.333333333333329,0,0,0,1,1,1,1,0,31,1,0,0
full_reliability,Confidence + agreement + view SD + feature typicality,4,True,PrimaryConfidenceMargin >= ConfidenceThreshold AND ModelAgreement == True AND Day3StdViewProbability <= ViewSDThreshold AND PredictedClassReferencePercentile <= FeaturePercentileThreshold,True,True,True,3.0973517214122892,0.01013280248949496,98.360655737704917,True,False,120,33,87,0.27500000000000002,27.5,0.72499999999999998,72.5,0,0,0,1,1,1,1,0,32,1,0,0
full_reliability,Confidence + agreement + view SD + feature typicality,4,True,PrimaryConfidenceMargin >= ConfidenceThreshold AND ModelAgreement == True AND Day3StdViewProbability <= ViewSDThreshold AND PredictedClassReferencePercentile <= FeaturePercentileThreshold,True,True,True,3.0973517214122892,0.01439293283760984,98.360655737704917,True,False,120,34,86,0.28333333333333333,28.333333333333332,0.71666666666666667,71.666666666666671,0,0,0,1,1,1,1,0,33,1,0,0
full_reliability,Confidence + agreement + view SD + feature typicality,4,True,PrimaryConfidenceMargin >= ConfidenceThreshold AND ModelAgreement == True AND Day3StdViewProbability <= ViewSDThreshold AND PredictedClassReferencePercentile <= FeaturePercentileThreshold,True,True,True,3.0973517214122892,0.014460890841075472,98.360655737704917,True,False,120,35,85,0.29166666666666669,29.166666666666668,0.70833333333333337,70.833333333333329,0,0,0,1,1,1,1,0,34,1,0,0
full_reliability,Confidence + agreement + view SD + feature typicality,4,True,PrimaryConfidenceMargin >= ConfidenceThreshold AND ModelAgreement == True AND Day3StdViewProbability <= ViewSDThreshold AND PredictedClassReferencePercentile <= FeaturePercentileThreshold,True,True,True,3.0973517214122892,0.016056326318454592,98.360655737704917,True,False,120,36,84,0.29999999999999999,30,0.69999999999999996,70,0,0,0,1,1,1,1,0,35,1,0,0
full_reliability,Confidence + agreement + view SD + feature typicality,4,True,PrimaryConfidenceMargin >= ConfidenceThreshold AND ModelAgreement == True AND Day3StdViewProbability <= ViewSDThreshold AND PredictedClassReferencePercentile <= FeaturePercentileThreshold,True,True,True,3.0973517214122892,0.025234889396357162,98.360655737704917,True,False,120,37,83,0.30833333333333335,30.833333333333332,0.69166666666666665,69.166666666666671,0,0,0,1,1,1,1,0,36,1,0,0
full_reliability,Confidence + agreement + view SD + feature typicality,4,True,PrimaryConfidenceMargin >= ConfidenceThreshold AND ModelAgreement == True AND Day3StdViewProbability <= ViewSDThreshold AND PredictedClassReferencePercentile <= FeaturePercentileThreshold,True,True,True,3.0973517214122892,0.026215617920782995,98.360655737704917,True,False,120,38,82,0.31666666666666665,31.666666666666668,0.68333333333333335,68.333333333333329,0,0,0,1,1,1,1,0,37,1,0,0
full_reliability,Confidence + agreement + view SD + feature typicality,4,True,PrimaryConfidenceMargin >= ConfidenceThreshold AND ModelAgreement == True AND Day3StdViewProbability <= ViewSDThreshold AND PredictedClassReferencePercentile <= FeaturePercentileThreshold,True,True,True,3.0973517214122892,0.031551000369992352,98.360655737704917,True,False,120,39,81,0.32500000000000001,32.5,0.67500000000000004,67.5,0,0,0,1,1,1,1,0,38,1,0,0
full_reliability,Confidence + agreement + view SD + feature typicality,4,True,PrimaryConfidenceMargin >= ConfidenceThreshold AND ModelAgreement == True AND Day3StdViewProbability <= ViewSDThreshold AND PredictedClassReferencePercentile <= FeaturePercentileThreshold,True,True,True,3.0973517214122892,0.032510478031244294,98.360655737704917,True,False,120,40,80,0.33333333333333331,33.333333333333336,0.66666666666666663,66.666666666666671,0,0,0,1,1,1,1,0,39,1,0,0
full_reliability,Confidence + agreement + view SD + feature typicality,4,True,PrimaryConfidenceMargin >= ConfidenceThreshold AND ModelAgreement == True AND Day3StdViewProbability <= ViewSDThreshold AND PredictedClassReferencePercentile <= FeaturePercentileThreshold,True,True,True,3.0973517214122892,0.042604398159249018,98.360655737704917,True,False,120,41,79,0.34166666666666667,34.166666666666664,0.65833333333333333,65.833333333333329,0,0,0,1,1,1,1,0,40,1,0,0
full_reliability,Confidence + agreement + view SD + feature typicality,4,True,PrimaryConfidenceMargin >= ConfidenceThreshold AND ModelAgreement == True AND Day3StdViewProbability <= ViewSDThreshold AND PredictedClassReferencePercentile <= FeaturePercentileThreshold,True,True,True,3.0973517214122892,0.052125424496475711,98.360655737704917,True,False,120,42,78,0.34999999999999998,35,0.65000000000000002,65,0,0,0,1,1,1,1,0,41,1,0,0
full_reliability,Confidence + agreement + view SD + feature typicality,4,True,PrimaryConfidenceMargin >= ConfidenceThreshold AND ModelAgreement == True AND Day3StdViewProbability <= ViewSDThreshold AND PredictedClassReferencePercentile <= FeaturePercentileThreshold,True,True,True,3.0973517214122892,0.053530724647535527,98.360655737704917,True,False,120,43,77,0.35833333333333334,35.833333333333336,0.64166666666666672,64.166666666666671,0,0,0,1,1,1,1,0,42,1,0,0
full_reliability,Confidence + agreement + view SD + feature typicality,4,True,PrimaryConfidenceMargin >= ConfidenceThreshold AND ModelAgreement == True AND Day3StdViewProbability <= ViewSDThreshold AND PredictedClassReferencePercentile <= FeaturePercentileThreshold,True,True,True,3.0973517214122892,0.12323715202407438,98.360655737704917,True,False,120,44,76,0.36666666666666664,36.666666666666664,0.6333333333333333,63.333333333333336,0,0,0,1,1,1,1,0,43,1,0,0
full_reliability,Confidence + agreement + view SD + feature typicality,4,True,PrimaryConfidenceMargin >= ConfidenceThreshold AND ModelAgreement == True AND Day3StdViewProbability <= ViewSDThreshold AND PredictedClassReferencePercentile <= FeaturePercentileThreshold,True,True,True,3.0973517214122892,0.12535558529119079,98.360655737704917,True,False,120,45,75,0.375,37.5,0.625,62.5,0,0,0,1,1,1,1,0,44,1,0,0
full_reliability,Confidence + agreement + view SD + feature typicality,4,True,PrimaryConfidenceMargin >= ConfidenceThreshold AND ModelAgreement == True AND Day3StdViewProbability <= ViewSDThreshold AND PredictedClassReferencePercentile <= FeaturePercentileThreshold,True,True,True,3.0973517214122892,0.12753073349117125,98.360655737704917,True,False,120,46,74,0.38333333333333336,38.333333333333336,0.6166666666666667,61.666666666666664,0,0,0,1,1,1,1,0,45,1,0,0
full_reliability,Confidence + agreement + view SD + feature typicality,4,True,PrimaryConfidenceMargin >= ConfidenceThreshold AND ModelAgreement == True AND Day3StdViewProbability <= ViewSDThreshold AND PredictedClassReferencePercentile <= FeaturePercentileThreshold,True,True,True,3.0973517214122892,0.14997460062111087,98.360655737704917,True,False,120,47,73,0.39166666666666666,39.166666666666664,0.60833333333333328,60.833333333333336,0,0,0,1,1,1,1,0,46,1,0,0
full_reliability,Confidence + agreement + view SD + feature typicality,4,True,PrimaryConfidenceMargin >= ConfidenceThreshold AND ModelAgreement == True AND Day3StdViewProbability <= ViewSDThreshold AND PredictedClassReferencePercentile <= FeaturePercentileThreshold,True,True,True,3.0973517214122892,0.15166426296017393,98.360655737704917,True,False,120,48,72,0.40000000000000002,40,0.59999999999999998,60,0,0,0,1,1,1,1,0,47,1,0,0
full_reliability,Confidence + agreement + view SD + feature typicality,4,True,PrimaryConfidenceMargin >= ConfidenceThreshold AND ModelAgreement == True AND Day3StdViewProbability <= ViewSDThreshold AND PredictedClassReferencePercentile <= FeaturePercentileThreshold,True,True,True,3.0973517214122892,0.20791518373803561,98.360655737704917,True,False,120,49,71,0.40833333333333333,40.833333333333336,0.59166666666666667,59.166666666666664,0,0,0,1,1,1,1,0,48,1,0,0
full_reliability,Confidence + agreement + view SD + feature typicality,4,True,PrimaryConfidenceMargin >= ConfidenceThreshold AND ModelAgreement == True AND Day3StdViewProbability <= ViewSDThreshold AND PredictedClassReferencePercentile <= FeaturePercentileThreshold,True,True,True,3.0973517214122892,0.2473906852664744,98.360655737704917,True,False,120,50,70,0.41666666666666669,41.666666666666664,0.58333333333333337,58.333333333333336,0,0,0,1,1,1,1,0,49,1,0,0
full_reliability,Confidence + agreement + view SD + feature typicality,4,True,PrimaryConfidenceMargin >= ConfidenceThreshold AND ModelAgreement == True AND Day3StdViewProbability <= ViewSDThreshold AND PredictedClassReferencePercentile <= FeaturePercentileThreshold,True,True,True,3.0973517214122892,0.24768043384777108,98.360655737704917,True,False,120,51,69,0.42499999999999999,42.5,0.57499999999999996,57.5,0,0,0,1,1,1,1,0,50,1,0,0
full_reliability,Confidence + agreement + view SD + feature typicality,4,True,PrimaryConfidenceMargin >= ConfidenceThreshold AND ModelAgreement == True AND Day3StdViewProbability <= ViewSDThreshold AND PredictedClassReferencePercentile <= FeaturePercentileThreshold,True,True,True,3.0973517214122892,0.32098396075423402,98.360655737704917,True,False,120,52,68,0.43333333333333335,43.333333333333336,0.56666666666666665,56.666666666666664,0,0,0,1,1,1,1,0,51,1,0,0
full_reliability,Confidence + agreement + view SD + feature typicality,4,True,PrimaryConfidenceMargin >= ConfidenceThreshold AND ModelAgreement == True AND Day3StdViewProbability <= ViewSDThreshold AND PredictedClassReferencePercentile <= FeaturePercentileThreshold,True,True,True,3.0973517214122892,0.32263677078434599,98.360655737704917,True,False,120,53,67,0.44166666666666665,44.166666666666664,0.55833333333333335,55.833333333333336,0,0,0,1,1,1,1,0,52,1,0,0
full_reliability,Confidence + agreement + view SD + feature typicality,4,True,PrimaryConfidenceMargin >= ConfidenceThreshold AND ModelAgreement == True AND Day3StdViewProbability <= ViewSDThreshold AND PredictedClassReferencePercentile <= FeaturePercentileThreshold,True,True,True,3.0973517214122892,0.32718212997011148,98.360655737704917,True,False,120,54,66,0.45000000000000001,45,0.55000000000000004,55,0,0,0,1,1,1,1,0,53,1,0,0
full_reliability,Confidence + agreement + view SD + feature typicality,4,True,PrimaryConfidenceMargin >= ConfidenceThreshold AND ModelAgreement == True AND Day3StdViewProbability <= ViewSDThreshold AND PredictedClassReferencePercentile <= FeaturePercentileThreshold,True,True,True,3.0973517214122892,0.33363105903550427,98.360655737704917,True,False,120,55,65,0.45833333333333331,45.833333333333336,0.54166666666666663,54.166666666666664,0,0,0,1,1,1,1,0,54,1,0,0
full_reliability,Confidence + agreement + view SD + feature typicality,4,True,PrimaryConfidenceMargin >= ConfidenceThreshold AND ModelAgreement == True AND Day3StdViewProbability <= ViewSDThreshold AND PredictedClassReferencePercentile <= FeaturePercentileThreshold,True,True,True,3.0973517214122892,0.42641146551730086,98.360655737704917,False,False,120,56,64,0.46666666666666667,46.666666666666664,0.53333333333333333,53.333333333333336,0,0,0,1,1,1,1,0,55,1,0,0
full_reliability,Confidence + agreement + view SD + feature typicality,4,True,PrimaryConfidenceMargin >= ConfidenceThreshold AND ModelAgreement == True AND Day3StdViewProbability <= ViewSDThreshold AND PredictedClassReferencePercentile <= FeaturePercentileThreshold,True,True,True,2.8795473957240052,0.42641146551730086,98.360655737704917,False,False,120,57,63,0.47499999999999998,47.5,0.52500000000000002,52.5,0,0,0,1,1,1,1,0,56,1,0,0
full_reliability,Confidence + agreement + view SD + feature typicality,4,True,PrimaryConfidenceMargin >= ConfidenceThreshold AND ModelAgreement == True AND Day3StdViewProbability <= ViewSDThreshold AND PredictedClassReferencePercentile <= FeaturePercentileThreshold,True,True,True,2.8073297849695087,0.42641146551730086,98.360655737704917,False,False,120,58,62,0.48333333333333334,48.333333333333336,0.51666666666666672,51.666666666666664,0,0,0,1,1,1,1,0,56,2,0,0
full_reliability,Confidence + agreement + view SD + feature typicality,4,True,PrimaryConfidenceMargin >= ConfidenceThreshold AND ModelAgreement == True AND Day3StdViewProbability <= ViewSDThreshold AND PredictedClassReferencePercentile <= FeaturePercentileThreshold,True,True,True,2.7774445572096869,0.42641146551730086,98.360655737704917,False,False,120,59,61,0.49166666666666664,49.166666666666664,0.5083333333333333,50.833333333333336,0,0,0,1,1,1,1,0,56,3,0,0
full_reliability,Confidence + agreement + view SD + feature typicality,4,True,PrimaryConfidenceMargin >= ConfidenceThreshold AND ModelAgreement == True AND Day3StdViewProbability <= ViewSDThreshold AND PredictedClassReferencePercentile <= FeaturePercentileThreshold,True,True,True,2.7052958606332651,0.42641146551730086,98.360655737704917,False,False,120,60,60,0.5,50,0.5,50,0,0,0,1,1,1,1,0,57,3,0,0
full_reliability,Confidence + agreement + view SD + feature typicality,4,True,PrimaryConfidenceMargin >= ConfidenceThreshold AND ModelAgreement == True AND Day3StdViewProbability <= ViewSDThreshold AND PredictedClassReferencePercentile <= FeaturePercentileThreshold,True,True,True,2.5563292901410848,0.42641146551730086,98.360655737704917,False,False,120,61,59,0.5083333333333333,50.833333333333336,0.49166666666666664,49.166666666666664,0,0,0,1,1,1,1,0,57,4,0,0
full_reliability,Confidence + agreement + view SD + feature typicality,4,True,PrimaryConfidenceMargin >= ConfidenceThreshold AND ModelAgreement == True AND Day3StdViewProbability <= ViewSDThreshold AND PredictedClassReferencePercentile <= FeaturePercentileThreshold,True,True,True,2.4215075101575114,0.42641146551730086,98.360655737704917,False,False,120,62,58,0.51666666666666672,51.666666666666664,0.48333333333333334,48.333333333333336,0,0,0,1,1,1,1,0,57,5,0,0
full_reliability,Confidence + agreement + view SD + feature typicality,4,True,PrimaryConfidenceMargin >= ConfidenceThreshold AND ModelAgreement == True AND Day3StdViewProbability <= ViewSDThreshold AND PredictedClassReferencePercentile <= FeaturePercentileThreshold,True,True,True,2.3660370520422691,0.42641146551730086,98.360655737704917,False,False,120,63,57,0.52500000000000002,52.5,0.47499999999999998,47.5,0,0,0,1,1,1,1,0,57,6,0,0
full_reliability,Confidence + agreement + view SD + feature typicality,4,True,PrimaryConfidenceMargin >= ConfidenceThreshold AND ModelAgreement == True AND Day3StdViewProbability <= ViewSDThreshold AND PredictedClassReferencePercentile <= FeaturePercentileThreshold,True,True,True,2.326630215597373,0.42641146551730086,98.360655737704917,False,False,120,64,56,0.53333333333333333,53.333333333333336,0.46666666666666667,46.666666666666664,0,0,0,1,1,1,1,0,57,7,0,0
full_reliability,Confidence + agreement + view SD + feature typicality,4,True,PrimaryConfidenceMargin >= ConfidenceThreshold AND ModelAgreement == True AND Day3StdViewProbability <= ViewSDThreshold AND PredictedClassReferencePercentile <= FeaturePercentileThreshold,True,True,True,2.2857694226834049,0.42641146551730086,98.360655737704917,False,False,120,65,55,0.54166666666666663,54.166666666666664,0.45833333333333331,45.833333333333336,0,0,0,1,1,1,1,0,58,7,0,0
full_reliability,Confidence + agreement + view SD + feature typicality,4,True,PrimaryConfidenceMargin >= ConfidenceThreshold AND ModelAgreement == True AND Day3StdViewProbability <= ViewSDThreshold AND PredictedClassReferencePercentile <= FeaturePercentileThreshold,True,True,True,2.2761303594308688,0.42641146551730086,98.360655737704917,False,False,120,66,54,0.55000000000000004,55,0.45000000000000001,45,0,0,0,1,1,1,1,0,58,8,0,0
full_reliability,Confidence + agreement + view SD + feature typicality,4,True,PrimaryConfidenceMargin >= ConfidenceThreshold AND ModelAgreement == True AND Day3StdViewProbability <= ViewSDThreshold AND PredictedClassReferencePercentile <= FeaturePercentileThreshold,True,True,True,2.2684818536441216,0.42641146551730086,98.360655737704917,False,False,120,67,53,0.55833333333333335,55.833333333333336,0.44166666666666665,44.166666666666664,0,0,0,1,1,1,1,0,58,9,0,0
full_reliability,Confidence + agreement + view SD + feature typicality,4,True,PrimaryConfidenceMargin >= ConfidenceThreshold AND ModelAgreement == True AND Day3StdViewProbability <= ViewSDThreshold AND PredictedClassReferencePercentile <= FeaturePercentileThreshold,True,True,True,2.2084707824028404,0.42641146551730086,98.360655737704917,False,False,120,68,52,0.56666666666666665,56.666666666666664,0.43333333333333335,43.333333333333336,0,0,0,1,1,1,1,0,59,9,0,0
full_reliability,Confidence + agreement + view SD + feature typicality,4,True,PrimaryConfidenceMargin >= ConfidenceThreshold AND ModelAgreement == True AND Day3StdViewProbability <= ViewSDThreshold AND PredictedClassReferencePercentile <= FeaturePercentileThreshold,True,True,True,2.1838475205583059,0.42641146551730086,98.360655737704917,False,False,120,69,51,0.57499999999999996,57.5,0.42499999999999999,42.5,1,0.014492753623188406,1.4492753623188406,0.98550724637681164,1,0.90000000000000002,0.94999999999999996,0,59,9,1,0
full_reliability,Confidence + agreement + view SD + feature typicality,4,True,PrimaryConfidenceMargin >= ConfidenceThreshold AND ModelAgreement == True AND Day3StdViewProbability <= ViewSDThreshold AND PredictedClassReferencePercentile <= FeaturePercentileThreshold,True,True,True,2.1209951772525115,0.33322164747457844,98.360655737704917,True,False,120,70,50,0.58333333333333337,58.333333333333336,0.41666666666666669,41.666666666666664,1,0.014285714285714285,1.4285714285714286,0.98571428571428577,0.98305084745762716,1,0.99152542372881358,1,58,11,0,1
full_reliability,Confidence + agreement + view SD + feature typicality,4,True,PrimaryConfidenceMargin >= ConfidenceThreshold AND ModelAgreement == True AND Day3StdViewProbability <= ViewSDThreshold AND PredictedClassReferencePercentile <= FeaturePercentileThreshold,True,True,True,2.0749222288660212,0.33322164747457844,98.360655737704917,True,False,120,71,49,0.59166666666666667,59.166666666666664,0.40833333333333333,40.833333333333336,1,0.014084507042253521,1.408450704225352,0.9859154929577465,0.98305084745762716,1,0.99152542372881358,1,58,12,0,1
full_reliability,Confidence + agreement + view SD + feature typicality,4,True,PrimaryConfidenceMargin >= ConfidenceThreshold AND ModelAgreement == True AND Day3StdViewProbability <= ViewSDThreshold AND PredictedClassReferencePercentile <= FeaturePercentileThreshold,True,True,True,2.0679146061648486,0.33322164747457844,98.360655737704917,True,False,120,72,48,0.59999999999999998,60,0.40000000000000002,40,1,0.013888888888888888,1.3888888888888888,0.98611111111111116,0.98305084745762716,1,0.99152542372881358,1,58,13,0,1
full_reliability,Confidence + agreement + view SD + feature typicality,4,True,PrimaryConfidenceMargin >= ConfidenceThreshold AND ModelAgreement == True AND Day3StdViewProbability <= ViewSDThreshold AND PredictedClassReferencePercentile <= FeaturePercentileThreshold,True,True,True,2.0022015725687328,0.33322164747457844,98.360655737704917,True,False,120,73,47,0.60833333333333328,60.833333333333336,0.39166666666666666,39.166666666666664,1,0.013698630136986301,1.3698630136986301,0.98630136986301364,0.98333333333333328,1,0.9916666666666667,1,59,13,0,1
full_reliability,Confidence + agreement + view SD + feature typicality,4,True,PrimaryConfidenceMargin >= ConfidenceThreshold AND ModelAgreement == True AND Day3StdViewProbability <= ViewSDThreshold AND PredictedClassReferencePercentile <= FeaturePercentileThreshold,True,True,True,1.9866783804094184,0.33322164747457844,98.360655737704917,True,False,120,74,46,0.6166666666666667,61.666666666666664,0.38333333333333336,38.333333333333336,1,0.013513513513513514,1.3513513513513513,0.98648648648648651,0.98360655737704916,1,0.99180327868852458,1,60,13,0,1
full_reliability,Confidence + agreement + view SD + feature typicality,4,True,PrimaryConfidenceMargin >= ConfidenceThreshold AND ModelAgreement == True AND Day3StdViewProbability <= ViewSDThreshold AND PredictedClassReferencePercentile <= FeaturePercentileThreshold,True,True,True,1.9652879044258156,0.33322164747457844,98.360655737704917,True,False,120,75,45,0.625,62.5,0.375,37.5,1,0.013333333333333334,1.3333333333333333,0.98666666666666669,0.98360655737704916,1,0.99180327868852458,1,60,14,0,1
full_reliability,Confidence + agreement + view SD + feature typicality,4,True,PrimaryConfidenceMargin >= ConfidenceThreshold AND ModelAgreement == True AND Day3StdViewProbability <= ViewSDThreshold AND PredictedClassReferencePercentile <= FeaturePercentileThreshold,True,True,True,1.9383561777706655,0.33322164747457844,98.360655737704917,True,False,120,76,44,0.6333333333333333,63.333333333333336,0.36666666666666664,36.666666666666664,1,0.013157894736842105,1.3157894736842106,0.98684210526315785,0.9838709677419355,1,0.99193548387096775,1,61,14,0,1
full_reliability,Confidence + agreement + view SD + feature typicality,4,True,PrimaryConfidenceMargin >= ConfidenceThreshold AND ModelAgreement == True AND Day3StdViewProbability <= ViewSDThreshold AND PredictedClassReferencePercentile <= FeaturePercentileThreshold,True,True,True,1.8769480935326004,0.33322164747457844,98.360655737704917,True,False,120,77,43,0.64166666666666672,64.166666666666671,0.35833333333333334,35.833333333333336,1,0.012987012987012988,1.2987012987012987,0.98701298701298701,0.9838709677419355,1,0.99193548387096775,1,61,15,0,1
full_reliability,Confidence + agreement + view SD + feature typicality,4,True,PrimaryConfidenceMargin >= ConfidenceThreshold AND ModelAgreement == True AND Day3StdViewProbability <= ViewSDThreshold AND PredictedClassReferencePercentile <= FeaturePercentileThreshold,True,True,True,1.8681245355626106,0.33322164747457844,98.360655737704917,True,False,120,78,42,0.65000000000000002,65,0.34999999999999998,35,1,0.01282051282051282,1.2820512820512822,0.98717948717948723,0.9838709677419355,1,0.99193548387096775,1,61,16,0,1
full_reliability,Confidence + agreement + view SD + feature typicality,4,True,PrimaryConfidenceMargin >= ConfidenceThreshold AND ModelAgreement == True AND Day3StdViewProbability <= ViewSDThreshold AND PredictedClassReferencePercentile <= FeaturePercentileThreshold,True,True,True,1.7864629547709412,0.33322164747457844,98.360655737704917,True,False,120,79,41,0.65833333333333333,65.833333333333329,0.34166666666666667,34.166666666666664,1,0.012658227848101266,1.2658227848101267,0.98734177215189878,0.98412698412698407,1,0.99206349206349209,1,62,16,0,1
full_reliability,Confidence + agreement + view SD + feature typicality,4,True,PrimaryConfidenceMargin >= ConfidenceThreshold AND ModelAgreement == True AND Day3StdViewProbability <= ViewSDThreshold AND PredictedClassReferencePercentile <= FeaturePercentileThreshold,True,True,True,1.752051469123177,0.33322164747457844,98.360655737704917,True,False,120,80,40,0.66666666666666663,66.666666666666671,0.33333333333333331,33.333333333333336,1,0.012500000000000001,1.25,0.98750000000000004,0.98412698412698407,1,0.99206349206349209,1,62,17,0,1
full_reliability,Confidence + agreement + view SD + feature typicality,4,True,PrimaryConfidenceMargin >= ConfidenceThreshold AND ModelAgreement == True AND Day3StdViewProbability <= ViewSDThreshold AND PredictedClassReferencePercentile <= FeaturePercentileThreshold,True,True,True,1.7292572105420478,0.33322164747457844,98.360655737704917,True,False,120,81,39,0.67500000000000004,67.5,0.32500000000000001,32.5,1,0.012345679012345678,1.2345679012345678,0.98765432098765427,0.98412698412698407,1,0.99206349206349209,1,62,18,0,1
full_reliability,Confidence + agreement + view SD + feature typicality,4,True,PrimaryConfidenceMargin >= ConfidenceThreshold AND ModelAgreement == True AND Day3StdViewProbability <= ViewSDThreshold AND PredictedClassReferencePercentile <= FeaturePercentileThreshold,True,True,True,1.7081771520571318,0.33322164747457844,98.360655737704917,True,False,120,82,38,0.68333333333333335,68.333333333333329,0.31666666666666665,31.666666666666668,1,0.012195121951219513,1.2195121951219512,0.98780487804878048,0.98412698412698407,1,0.99206349206349209,1,62,19,0,1
full_reliability,Confidence + agreement + view SD + feature typicality,4,True,PrimaryConfidenceMargin >= ConfidenceThreshold AND ModelAgreement == True AND Day3StdViewProbability <= ViewSDThreshold AND PredictedClassReferencePercentile <= FeaturePercentileThreshold,True,True,True,1.6859737917447295,0.33322164747457844,98.360655737704917,True,False,120,83,37,0.69166666666666665,69.166666666666671,0.30833333333333335,30.833333333333332,1,0.012048192771084338,1.2048192771084338,0.98795180722891562,0.98412698412698407,1,0.99206349206349209,1,62,20,0,1
full_reliability,Confidence + agreement + view SD + feature typicality,4,True,PrimaryConfidenceMargin >= ConfidenceThreshold AND ModelAgreement == True AND Day3StdViewProbability <= ViewSDThreshold AND PredictedClassReferencePercentile <= FeaturePercentileThreshold,True,True,True,1.5050770738603521,0.33322164747457844,98.360655737704917,True,False,120,84,36,0.69999999999999996,70,0.29999999999999999,30,1,0.011904761904761904,1.1904761904761905,0.98809523809523814,0.98412698412698407,1,0.99206349206349209,1,62,21,0,1
full_reliability,Confidence + agreement + view SD + feature typicality,4,True,PrimaryConfidenceMargin >= ConfidenceThreshold AND ModelAgreement == True AND Day3StdViewProbability <= ViewSDThreshold AND PredictedClassReferencePercentile <= FeaturePercentileThreshold,True,True,True,1.4022270844412561,0.33322164747457844,98.360655737704917,True,False,120,85,35,0.70833333333333337,70.833333333333329,0.29166666666666669,29.166666666666668,1,0.011764705882352941,1.1764705882352942,0.9882352941176471,0.98412698412698407,1,0.99206349206349209,1,62,22,0,1
full_reliability,Confidence + agreement + view SD + feature typicality,4,True,PrimaryConfidenceMargin >= ConfidenceThreshold AND ModelAgreement == True AND Day3StdViewProbability <= ViewSDThreshold AND PredictedClassReferencePercentile <= FeaturePercentileThreshold,True,True,True,1.2172114485182921,0.33322164747457844,98.360655737704917,True,False,120,86,34,0.71666666666666667,71.666666666666671,0.28333333333333333,28.333333333333332,1,0.011627906976744186,1.1627906976744187,0.98837209302325579,0.984375,1,0.9921875,1,63,22,0,1
full_reliability,Confidence + agreement + view SD + feature typicality,4,True,PrimaryConfidenceMargin >= ConfidenceThreshold AND ModelAgreement == True AND Day3StdViewProbability <= ViewSDThreshold AND PredictedClassReferencePercentile <= FeaturePercentileThreshold,True,True,True,1.1941334606077159,0.33322164747457844,98.360655737704917,True,False,120,87,33,0.72499999999999998,72.5,0.27500000000000002,27.5,1,0.011494252873563218,1.1494252873563218,0.9885057471264368,0.984375,1,0.9921875,1,63,23,0,1
full_reliability,Confidence + agreement + view SD + feature typicality,4,True,PrimaryConfidenceMargin >= ConfidenceThreshold AND ModelAgreement == True AND Day3StdViewProbability <= ViewSDThreshold AND PredictedClassReferencePercentile <= FeaturePercentileThreshold,True,True,True,1.1234185478789076,0.33322164747457844,98.360655737704917,True,False,120,88,32,0.73333333333333328,73.333333333333329,0.26666666666666666,26.666666666666668,1,0.011363636363636364,1.1363636363636365,0.98863636363636365,0.984375,1,0.9921875,1,63,24,0,1
full_reliability,Confidence + agreement + view SD + feature typicality,4,True,PrimaryConfidenceMargin >= ConfidenceThreshold AND ModelAgreement == True AND Day3StdViewProbability <= ViewSDThreshold AND PredictedClassReferencePercentile <= FeaturePercentileThreshold,True,True,True,0.91139438445638454,0.33322164747457844,98.360655737704917,True,False,120,89,31,0.7416666666666667,74.166666666666671,0.25833333333333336,25.833333333333332,1,0.011235955056179775,1.1235955056179776,0.9887640449438202,0.98461538461538467,1,0.99230769230769234,1,64,24,0,1
full_reliability,Confidence + agreement + view SD + feature typicality,4,True,PrimaryConfidenceMargin >= ConfidenceThreshold AND ModelAgreement == True AND Day3StdViewProbability <= ViewSDThreshold AND PredictedClassReferencePercentile <= FeaturePercentileThreshold,True,True,True,0.83179976063869354,0.33322164747457844,98.360655737704917,True,False,120,90,30,0.75,75,0.25,25,1,0.011111111111111112,1.1111111111111112,0.98888888888888893,0.98484848484848486,1,0.99242424242424243,1,65,24,0,1
full_reliability,Confidence + agreement + view SD + feature typicality,4,True,PrimaryConfidenceMargin >= ConfidenceThreshold AND ModelAgreement == True AND Day3StdViewProbability <= ViewSDThreshold AND PredictedClassReferencePercentile <= FeaturePercentileThreshold,True,True,True,1.1234185478789076,0.36675687990171379,98.360655737704917,True,False,120,91,29,0.7583333333333333,75.833333333333329,0.24166666666666667,24.166666666666668,2,0.02197802197802198,2.197802197802198,0.97802197802197799,0.98484848484848486,0.95999999999999996,0.97242424242424241,1,65,24,1,1
full_reliability,Confidence + agreement + view SD + feature typicality,4,True,PrimaryConfidenceMargin >= ConfidenceThreshold AND ModelAgreement == True AND Day3StdViewProbability <= ViewSDThreshold AND PredictedClassReferencePercentile <= FeaturePercentileThreshold,True,True,True,1.13739060061254,0.41140203856315527,98.360655737704917,True,False,120,92,28,0.76666666666666672,76.666666666666671,0.23333333333333334,23.333333333333332,2,0.021739130434782608,2.1739130434782608,0.97826086956521741,0.9850746268656716,0.95999999999999996,0.97253731343283578,1,66,24,1,1
full_reliability,Confidence + agreement + view SD + feature typicality,4,True,PrimaryConfidenceMargin >= ConfidenceThreshold AND ModelAgreement == True AND Day3StdViewProbability <= ViewSDThreshold AND PredictedClassReferencePercentile <= FeaturePercentileThreshold,True,True,True,1.13739060061254,0.42641146551730086,98.360655737704917,False,False,120,93,27,0.77500000000000002,77.5,0.22500000000000001,22.5,2,0.021505376344086023,2.150537634408602,0.978494623655914,0.98529411764705888,0.95999999999999996,0.97264705882352942,1,67,24,1,1
full_reliability,Confidence + agreement + view SD + feature typicality,4,True,PrimaryConfidenceMargin >= ConfidenceThreshold AND ModelAgreement == True AND Day3StdViewProbability <= ViewSDThreshold AND PredictedClassReferencePercentile <= FeaturePercentileThreshold,True,True,True,1.1234185478789076,0.42641146551730086,98.360655737704917,False,False,120,94,26,0.78333333333333333,78.333333333333329,0.21666666666666667,21.666666666666668,2,0.021276595744680851,2.1276595744680851,0.97872340425531912,0.98550724637681164,0.95999999999999996,0.97275362318840575,1,68,24,1,1
full_reliability,Confidence + agreement + view SD + feature typicality,4,True,PrimaryConfidenceMargin >= ConfidenceThreshold AND ModelAgreement == True AND Day3StdViewProbability <= ViewSDThreshold AND PredictedClassReferencePercentile <= FeaturePercentileThreshold,True,True,True,0.91139438445638454,0.42641146551730086,98.360655737704917,False,False,120,95,25,0.79166666666666663,79.166666666666671,0.20833333333333334,20.833333333333332,2,0.021052631578947368,2.1052631578947367,0.97894736842105268,0.98571428571428577,0.95999999999999996,0.97285714285714286,1,69,24,1,1
full_reliability,Confidence + agreement + view SD + feature typicality,4,True,PrimaryConfidenceMargin >= ConfidenceThreshold AND ModelAgreement == True AND Day3StdViewProbability <= ViewSDThreshold AND PredictedClassReferencePercentile <= FeaturePercentileThreshold,True,True,True,0.83179976063869354,0.42641146551730086,98.360655737704917,False,False,120,96,24,0.80000000000000004,80,0.20000000000000001,20,2,0.020833333333333332,2.0833333333333335,0.97916666666666663,0.9859154929577465,0.95999999999999996,0.97295774647887323,1,70,24,1,1
full_reliability,Confidence + agreement + view SD + feature typicality,4,True,PrimaryConfidenceMargin >= ConfidenceThreshold AND ModelAgreement == True AND Day3StdViewProbability <= ViewSDThreshold AND PredictedClassReferencePercentile <= FeaturePercentileThreshold,True,True,True,0.8077568640843964,0.42641146551730086,98.360655737704917,False,False,120,97,23,0.80833333333333335,80.833333333333329,0.19166666666666668,19.166666666666668,3,0.030927835051546393,3.0927835051546393,0.96907216494845361,0.9859154929577465,0.92307692307692313,0.95449620801733481,1,70,24,2,1
full_reliability,Confidence + agreement + view SD + feature typicality,4,True,PrimaryConfidenceMargin >= ConfidenceThreshold AND ModelAgreement == True AND Day3StdViewProbability <= ViewSDThreshold AND PredictedClassReferencePercentile <= FeaturePercentileThreshold,True,True,True,0.76638986778852169,0.42641146551730086,98.360655737704917,False,False,120,98,22,0.81666666666666665,81.666666666666671,0.18333333333333332,18.333333333333332,3,0.030612244897959183,3.0612244897959182,0.96938775510204078,0.98611111111111116,0.92307692307692313,0.95459401709401714,1,71,24,2,1
full_reliability,Confidence + agreement + view SD + feature typicality,4,True,PrimaryConfidenceMargin >= ConfidenceThreshold AND ModelAgreement == True AND Day3StdViewProbability <= ViewSDThreshold AND PredictedClassReferencePercentile <= FeaturePercentileThreshold,True,True,True,0.73695406291178678,0.42641146551730086,98.360655737704917,False,False,120,99,21,0.82499999999999996,82.5,0.17499999999999999,17.5,3,0.030303030303030304,3.0303030303030303,0.96969696969696972,0.98630136986301364,0.92307692307692313,0.95468914646996839,1,72,24,2,1
full_reliability,Confidence + agreement + view SD + feature typicality,4,True,PrimaryConfidenceMargin >= ConfidenceThreshold AND ModelAgreement == True AND Day3StdViewProbability <= ViewSDThreshold AND PredictedClassReferencePercentile <= FeaturePercentileThreshold,True,True,True,0.69510615395179842,0.42641146551730086,98.360655737704917,False,False,120,100,20,0.83333333333333337,83.333333333333329,0.16666666666666666,16.666666666666668,4,0.040000000000000001,4,0.95999999999999996,0.97297297297297303,0.92307692307692313,0.94802494802494808,2,72,24,2,2
full_reliability,Confidence + agreement + view SD + feature typicality,4,True,PrimaryConfidenceMargin >= ConfidenceThreshold AND ModelAgreement == True AND Day3StdViewProbability <= ViewSDThreshold AND PredictedClassReferencePercentile <= FeaturePercentileThreshold,True,True,True,0.5123573658874756,0.42641146551730086,98.360655737704917,False,False,120,101,19,0.84166666666666667,84.166666666666671,0.15833333333333333,15.833333333333334,4,0.039603960396039604,3.9603960396039604,0.96039603960396036,0.97333333333333338,0.92307692307692313,0.94820512820512826,2,73,24,2,2
full_reliability,Confidence + agreement + view SD + feature typicality,4,True,PrimaryConfidenceMargin >= ConfidenceThreshold AND ModelAgreement == True AND Day3StdViewProbability <= ViewSDThreshold AND PredictedClassReferencePercentile <= FeaturePercentileThreshold,True,True,True,0.50927913018746063,0.42641146551730086,98.360655737704917,False,False,120,102,18,0.84999999999999998,85,0.14999999999999999,15,4,0.039215686274509803,3.9215686274509802,0.96078431372549022,0.97368421052631582,0.92307692307692313,0.94838056680161942,2,74,24,2,2
full_reliability,Confidence + agreement + view SD + feature typicality,4,True,PrimaryConfidenceMargin >= ConfidenceThreshold AND ModelAgreement == True AND Day3StdViewProbability <= ViewSDThreshold AND PredictedClassReferencePercentile <= FeaturePercentileThreshold,True,True,True,0.24169623520724892,0.36675687990171379,98.360655737704917,True,False,120,103,17,0.85833333333333328,85.833333333333329,0.14166666666666666,14.166666666666666,5,0.048543689320388349,4.8543689320388346,0.95145631067961167,0.95999999999999996,0.9285714285714286,0.94428571428571428,3,72,26,2,3
full_reliability,Confidence + agreement + view SD + feature typicality,4,True,PrimaryConfidenceMargin >= ConfidenceThreshold AND ModelAgreement == True AND Day3StdViewProbability <= ViewSDThreshold AND PredictedClassReferencePercentile <= FeaturePercentileThreshold,True,True,True,0.24169623520724892,0.36718017390311741,98.360655737704917,True,False,120,104,16,0.8666666666666667,86.666666666666671,0.13333333333333333,13.333333333333334,5,0.04807692307692308,4.8076923076923075,0.95192307692307687,0.96052631578947367,0.9285714285714286,0.94454887218045114,3,73,26,2,3
full_reliability,Confidence + agreement + view SD + feature typicality,4,True,PrimaryConfidenceMargin >= ConfidenceThreshold AND ModelAgreement == True AND Day3StdViewProbability <= ViewSDThreshold AND PredictedClassReferencePercentile <= FeaturePercentileThreshold,True,True,True,0.4057950280164957,0.41140203856315527,98.360655737704917,True,False,120,105,15,0.875,87.5,0.125,12.5,5,0.047619047619047616,4.7619047619047619,0.95238095238095233,0.96103896103896103,0.9285714285714286,0.94480519480519476,3,74,26,2,3
full_reliability,Confidence + agreement + view SD + feature typicality,4,True,PrimaryConfidenceMargin >= ConfidenceThreshold AND ModelAgreement == True AND Day3StdViewProbability <= ViewSDThreshold AND PredictedClassReferencePercentile <= FeaturePercentileThreshold,True,True,True,0.4057950280164957,0.42641146551730086,98.360655737704917,False,False,120,106,14,0.8833333333333333,88.333333333333329,0.11666666666666667,11.666666666666666,5,0.04716981132075472,4.716981132075472,0.95283018867924529,0.96153846153846156,0.9285714285714286,0.94505494505494503,3,75,26,2,3
full_reliability,Confidence + agreement + view SD + feature typicality,4,True,PrimaryConfidenceMargin >= ConfidenceThreshold AND ModelAgreement == True AND Day3StdViewProbability <= ViewSDThreshold AND PredictedClassReferencePercentile <= FeaturePercentileThreshold,True,True,True,0.24169623520724892,0.42641146551730086,98.360655737704917,False,False,120,107,13,0.89166666666666672,89.166666666666671,0.10833333333333334,10.833333333333334,5,0.046728971962616821,4.6728971962616823,0.95327102803738317,0.96202531645569622,0.9285714285714286,0.94529837251356241,3,76,26,2,3
full_reliability,Confidence + agreement + view SD + feature typicality,4,True,PrimaryConfidenceMargin >= ConfidenceThreshold AND ModelAgreement == True AND Day3StdViewProbability <= ViewSDThreshold AND PredictedClassReferencePercentile <= FeaturePercentileThreshold,True,True,True,0.0021831670001128956,0.36718017390311741,98.360655737704917,True,False,120,108,12,0.90000000000000002,90,0.10000000000000001,10,6,0.055555555555555552,5.5555555555555554,0.94444444444444442,0.94871794871794868,0.93333333333333335,0.94102564102564101,4,74,28,2,4
full_reliability,Confidence + agreement + view SD + feature typicality,4,True,PrimaryConfidenceMargin >= ConfidenceThreshold AND ModelAgreement == True AND Day3StdViewProbability <= ViewSDThreshold AND PredictedClassReferencePercentile <= FeaturePercentileThreshold,True,True,True,0.0021831670001128956,0.38792884722103771,98.360655737704917,True,False,120,109,11,0.90833333333333333,90.833333333333329,0.09166666666666666,9.1666666666666661,6,0.055045871559633031,5.5045871559633026,0.94495412844036697,0.94936708860759489,0.93333333333333335,0.94135021097046412,4,75,28,2,4
full_reliability,Confidence + agreement + view SD + feature typicality,4,True,PrimaryConfidenceMargin >= ConfidenceThreshold AND ModelAgreement == True AND Day3StdViewProbability <= ViewSDThreshold AND PredictedClassReferencePercentile <= FeaturePercentileThreshold,True,True,True,0.0021831670001128956,0.41140203856315527,98.360655737704917,True,False,120,110,10,0.91666666666666663,91.666666666666671,0.083333333333333329,8.3333333333333339,6,0.054545454545454543,5.4545454545454541,0.94545454545454544,0.94999999999999996,0.93333333333333335,0.94166666666666665,4,76,28,2,4
full_reliability,Confidence + agreement + view SD + feature typicality,4,True,PrimaryConfidenceMargin >= ConfidenceThreshold AND ModelAgreement == True AND Day3StdViewProbability <= ViewSDThreshold AND PredictedClassReferencePercentile <= FeaturePercentileThreshold,True,True,True,0.0021831670001128956,0.42641146551730086,98.360655737704917,False,False,120,111,9,0.92500000000000004,92.5,0.074999999999999997,7.5,6,0.054054054054054057,5.4054054054054053,0.94594594594594594,0.95061728395061729,0.93333333333333335,0.94197530864197532,4,77,28,2,4
full_reliability,Confidence + agreement + view SD + feature typicality,4,True,PrimaryConfidenceMargin >= ConfidenceThreshold AND ModelAgreement == True AND Day3StdViewProbability <= ViewSDThreshold AND PredictedClassReferencePercentile <= FeaturePercentileThreshold,True,True,True,0.0021789637962887909,0.42641146551730086,98.360655737704917,False,False,120,112,8,0.93333333333333335,93.333333333333329,0.066666666666666666,6.666666666666667,6,0.053571428571428568,5.3571428571428568,0.9464285714285714,0.95121951219512191,0.93333333333333335,0.94227642276422763,4,78,28,2,4
