AcceptedErrorRateBudget,AcceptedErrorPercentBudget,StrategyID,Strategy,HighestAcceptedCountWithinBudget,HighestCoverageWithinBudget,HighestCoveragePercentWithinBudget,ObservedAcceptedErrors,ObservedAcceptedErrorRate,FalseNegativesAmongAccepted,HighestCoverageWinner,HighestCoverageStrategies
0,0,confidence_only,Confidence only,69,0.57499999999999996,57.5,0,0,0,True,Confidence only; Confidence + view SD
0,0,confidence_model_agreement,Confidence + model agreement,68,0.56666666666666665,56.666666666666664,0,0,0,False,Confidence only; Confidence + view SD
0,0,confidence_view_sd,Confidence + view SD,69,0.57499999999999996,57.5,0,0,0,True,Confidence only; Confidence + view SD
0,0,full_reliability,Confidence + agreement + view SD + feature typicality,68,0.56666666666666665,56.666666666666664,0,0,0,False,Confidence only; Confidence + view SD
0.011111111111111112,1.1111111111111112,confidence_only,Confidence only,69,0.57499999999999996,57.5,0,0,0,False,Confidence + agreement + view SD + feature typicality
0.011111111111111112,1.1111111111111112,confidence_model_agreement,Confidence + model agreement,68,0.56666666666666665,56.666666666666664,0,0,0,False,Confidence + agreement + view SD + feature typicality
0.011111111111111112,1.1111111111111112,confidence_view_sd,Confidence + view SD,69,0.57499999999999996,57.5,0,0,0,False,Confidence + agreement + view SD + feature typicality
0.011111111111111112,1.1111111111111112,full_reliability,Confidence + agreement + view SD + feature typicality,90,0.75,75,1,0.011111111111111112,1,True,Confidence + agreement + view SD + feature typicality
0.011235955056179775,1.1235955056179776,confidence_only,Confidence only,69,0.57499999999999996,57.5,0,0,0,False,Confidence + agreement + view SD + feature typicality
0.011235955056179775,1.1235955056179776,confidence_model_agreement,Confidence + model agreement,68,0.56666666666666665,56.666666666666664,0,0,0,False,Confidence + agreement + view SD + feature typicality
0.011235955056179775,1.1235955056179776,confidence_view_sd,Confidence + view SD,89,0.7416666666666667,74.166666666666671,1,0.011235955056179775,1,False,Confidence + agreement + view SD + feature typicality
0.011235955056179775,1.1235955056179776,full_reliability,Confidence + agreement + view SD + feature typicality,90,0.75,75,1,0.011111111111111112,1,True,Confidence + agreement + view SD + feature typicality
0.011363636363636364,1.1363636363636365,confidence_only,Confidence only,69,0.57499999999999996,57.5,0,0,0,False,Confidence + agreement + view SD + feature typicality
0.011363636363636364,1.1363636363636365,confidence_model_agreement,Confidence + model agreement,68,0.56666666666666665,56.666666666666664,0,0,0,False,Confidence + agreement + view SD + feature typicality
0.011363636363636364,1.1363636363636365,confidence_view_sd,Confidence + view SD,89,0.7416666666666667,74.166666666666671,1,0.011235955056179775,1,False,Confidence + agreement + view SD + feature typicality
0.011363636363636364,1.1363636363636365,full_reliability,Confidence + agreement + view SD + feature typicality,90,0.75,75,1,0.011111111111111112,1,True,Confidence + agreement + view SD + feature typicality
0.011494252873563218,1.1494252873563218,confidence_only,Confidence only,69,0.57499999999999996,57.5,0,0,0,False,Confidence + agreement + view SD + feature typicality
0.011494252873563218,1.1494252873563218,confidence_model_agreement,Confidence + model agreement,68,0.56666666666666665,56.666666666666664,0,0,0,False,Confidence + agreement + view SD + feature typicality
0.011494252873563218,1.1494252873563218,confidence_view_sd,Confidence + view SD,89,0.7416666666666667,74.166666666666671,1,0.011235955056179775,1,False,Confidence + agreement + view SD + feature typicality
0.011494252873563218,1.1494252873563218,full_reliability,Confidence + agreement + view SD + feature typicality,90,0.75,75,1,0.011111111111111112,1,True,Confidence + agreement + view SD + feature typicality
0.011627906976744186,1.1627906976744187,confidence_only,Confidence only,69,0.57499999999999996,57.5,0,0,0,False,Confidence + agreement + view SD + feature typicality
0.011627906976744186,1.1627906976744187,confidence_model_agreement,Confidence + model agreement,68,0.56666666666666665,56.666666666666664,0,0,0,False,Confidence + agreement + view SD + feature typicality
0.011627906976744186,1.1627906976744187,confidence_view_sd,Confidence + view SD,89,0.7416666666666667,74.166666666666671,1,0.011235955056179775,1,False,Confidence + agreement + view SD + feature typicality
0.011627906976744186,1.1627906976744187,full_reliability,Confidence + agreement + view SD + feature typicality,90,0.75,75,1,0.011111111111111112,1,True,Confidence + agreement + view SD + feature typicality
0.011764705882352941,1.1764705882352942,confidence_only,Confidence only,69,0.57499999999999996,57.5,0,0,0,False,Confidence + agreement + view SD + feature typicality
0.011764705882352941,1.1764705882352942,confidence_model_agreement,Confidence + model agreement,68,0.56666666666666665,56.666666666666664,0,0,0,False,Confidence + agreement + view SD + feature typicality
0.011764705882352941,1.1764705882352942,confidence_view_sd,Confidence + view SD,89,0.7416666666666667,74.166666666666671,1,0.011235955056179775,1,False,Confidence + agreement + view SD + feature typicality
0.011764705882352941,1.1764705882352942,full_reliability,Confidence + agreement + view SD + feature typicality,90,0.75,75,1,0.011111111111111112,1,True,Confidence + agreement + view SD + feature typicality
0.011904761904761904,1.1904761904761905,confidence_only,Confidence only,69,0.57499999999999996,57.5,0,0,0,False,Confidence + agreement + view SD + feature typicality
0.011904761904761904,1.1904761904761905,confidence_model_agreement,Confidence + model agreement,68,0.56666666666666665,56.666666666666664,0,0,0,False,Confidence + agreement + view SD + feature typicality
0.011904761904761904,1.1904761904761905,confidence_view_sd,Confidence + view SD,89,0.7416666666666667,74.166666666666671,1,0.011235955056179775,1,False,Confidence + agreement + view SD + feature typicality
0.011904761904761904,1.1904761904761905,full_reliability,Confidence + agreement + view SD + feature typicality,90,0.75,75,1,0.011111111111111112,1,True,Confidence + agreement + view SD + feature typicality
0.012048192771084338,1.2048192771084338,confidence_only,Confidence only,69,0.57499999999999996,57.5,0,0,0,False,Confidence + agreement + view SD + feature typicality
0.012048192771084338,1.2048192771084338,confidence_model_agreement,Confidence + model agreement,68,0.56666666666666665,56.666666666666664,0,0,0,False,Confidence + agreement + view SD + feature typicality
0.012048192771084338,1.2048192771084338,confidence_view_sd,Confidence + view SD,89,0.7416666666666667,74.166666666666671,1,0.011235955056179775,1,False,Confidence + agreement + view SD + feature typicality
0.012048192771084338,1.2048192771084338,full_reliability,Confidence + agreement + view SD + feature typicality,90,0.75,75,1,0.011111111111111112,1,True,Confidence + agreement + view SD + feature typicality
0.012195121951219513,1.2195121951219512,confidence_only,Confidence only,69,0.57499999999999996,57.5,0,0,0,False,Confidence + agreement + view SD + feature typicality
0.012195121951219513,1.2195121951219512,confidence_model_agreement,Confidence + model agreement,68,0.56666666666666665,56.666666666666664,0,0,0,False,Confidence + agreement + view SD + feature typicality
0.012195121951219513,1.2195121951219512,confidence_view_sd,Confidence + view SD,89,0.7416666666666667,74.166666666666671,1,0.011235955056179775,1,False,Confidence + agreement + view SD + feature typicality
0.012195121951219513,1.2195121951219512,full_reliability,Confidence + agreement + view SD + feature typicality,90,0.75,75,1,0.011111111111111112,1,True,Confidence + agreement + view SD + feature typicality
0.012345679012345678,1.2345679012345678,confidence_only,Confidence only,69,0.57499999999999996,57.5,0,0,0,False,Confidence + agreement + view SD + feature typicality
0.012345679012345678,1.2345679012345678,confidence_model_agreement,Confidence + model agreement,68,0.56666666666666665,56.666666666666664,0,0,0,False,Confidence + agreement + view SD + feature typicality
0.012345679012345678,1.2345679012345678,confidence_view_sd,Confidence + view SD,89,0.7416666666666667,74.166666666666671,1,0.011235955056179775,1,False,Confidence + agreement + view SD + feature typicality
0.012345679012345678,1.2345679012345678,full_reliability,Confidence + agreement + view SD + feature typicality,90,0.75,75,1,0.011111111111111112,1,True,Confidence + agreement + view SD + feature typicality
0.012500000000000001,1.25,confidence_only,Confidence only,69,0.57499999999999996,57.5,0,0,0,False,Confidence + agreement + view SD + feature typicality
0.012500000000000001,1.25,confidence_model_agreement,Confidence + model agreement,68,0.56666666666666665,56.666666666666664,0,0,0,False,Confidence + agreement + view SD + feature typicality
0.012500000000000001,1.25,confidence_view_sd,Confidence + view SD,89,0.7416666666666667,74.166666666666671,1,0.011235955056179775,1,False,Confidence + agreement + view SD + feature typicality
0.012500000000000001,1.25,full_reliability,Confidence + agreement + view SD + feature typicality,90,0.75,75,1,0.011111111111111112,1,True,Confidence + agreement + view SD + feature typicality
0.012658227848101266,1.2658227848101267,confidence_only,Confidence only,69,0.57499999999999996,57.5,0,0,0,False,Confidence + agreement + view SD + feature typicality
0.012658227848101266,1.2658227848101267,confidence_model_agreement,Confidence + model agreement,68,0.56666666666666665,56.666666666666664,0,0,0,False,Confidence + agreement + view SD + feature typicality
0.012658227848101266,1.2658227848101267,confidence_view_sd,Confidence + view SD,89,0.7416666666666667,74.166666666666671,1,0.011235955056179775,1,False,Confidence + agreement + view SD + feature typicality
0.012658227848101266,1.2658227848101267,full_reliability,Confidence + agreement + view SD + feature typicality,90,0.75,75,1,0.011111111111111112,1,True,Confidence + agreement + view SD + feature typicality
0.01282051282051282,1.2820512820512819,confidence_only,Confidence only,69,0.57499999999999996,57.5,0,0,0,False,Confidence + agreement + view SD + feature typicality
0.01282051282051282,1.2820512820512819,confidence_model_agreement,Confidence + model agreement,68,0.56666666666666665,56.666666666666664,0,0,0,False,Confidence + agreement + view SD + feature typicality
0.01282051282051282,1.2820512820512819,confidence_view_sd,Confidence + view SD,89,0.7416666666666667,74.166666666666671,1,0.011235955056179775,1,False,Confidence + agreement + view SD + feature typicality
0.01282051282051282,1.2820512820512819,full_reliability,Confidence + agreement + view SD + feature typicality,90,0.75,75,1,0.011111111111111112,1,True,Confidence + agreement + view SD + feature typicality
0.012987012987012988,1.2987012987012987,confidence_only,Confidence only,69,0.57499999999999996,57.5,0,0,0,False,Confidence + agreement + view SD + feature typicality
0.012987012987012988,1.2987012987012987,confidence_model_agreement,Confidence + model agreement,68,0.56666666666666665,56.666666666666664,0,0,0,False,Confidence + agreement + view SD + feature typicality
0.012987012987012988,1.2987012987012987,confidence_view_sd,Confidence + view SD,89,0.7416666666666667,74.166666666666671,1,0.011235955056179775,1,False,Confidence + agreement + view SD + feature typicality
0.012987012987012988,1.2987012987012987,full_reliability,Confidence + agreement + view SD + feature typicality,90,0.75,75,1,0.011111111111111112,1,True,Confidence + agreement + view SD + feature typicality
0.013157894736842105,1.3157894736842104,confidence_only,Confidence only,69,0.57499999999999996,57.5,0,0,0,False,Confidence + agreement + view SD + feature typicality
0.013157894736842105,1.3157894736842104,confidence_model_agreement,Confidence + model agreement,68,0.56666666666666665,56.666666666666664,0,0,0,False,Confidence + agreement + view SD + feature typicality
0.013157894736842105,1.3157894736842104,confidence_view_sd,Confidence + view SD,89,0.7416666666666667,74.166666666666671,1,0.011235955056179775,1,False,Confidence + agreement + view SD + feature typicality
0.013157894736842105,1.3157894736842104,full_reliability,Confidence + agreement + view SD + feature typicality,90,0.75,75,1,0.011111111111111112,1,True,Confidence + agreement + view SD + feature typicality
0.013333333333333334,1.3333333333333335,confidence_only,Confidence only,69,0.57499999999999996,57.5,0,0,0,False,Confidence + agreement + view SD + feature typicality
0.013333333333333334,1.3333333333333335,confidence_model_agreement,Confidence + model agreement,68,0.56666666666666665,56.666666666666664,0,0,0,False,Confidence + agreement + view SD + feature typicality
0.013333333333333334,1.3333333333333335,confidence_view_sd,Confidence + view SD,89,0.7416666666666667,74.166666666666671,1,0.011235955056179775,1,False,Confidence + agreement + view SD + feature typicality
0.013333333333333334,1.3333333333333335,full_reliability,Confidence + agreement + view SD + feature typicality,90,0.75,75,1,0.011111111111111112,1,True,Confidence + agreement + view SD + feature typicality
0.013513513513513514,1.3513513513513513,confidence_only,Confidence only,69,0.57499999999999996,57.5,0,0,0,False,Confidence + agreement + view SD + feature typicality
0.013513513513513514,1.3513513513513513,confidence_model_agreement,Confidence + model agreement,68,0.56666666666666665,56.666666666666664,0,0,0,False,Confidence + agreement + view SD + feature typicality
0.013513513513513514,1.3513513513513513,confidence_view_sd,Confidence + view SD,89,0.7416666666666667,74.166666666666671,1,0.011235955056179775,1,False,Confidence + agreement + view SD + feature typicality
0.013513513513513514,1.3513513513513513,full_reliability,Confidence + agreement + view SD + feature typicality,90,0.75,75,1,0.011111111111111112,1,True,Confidence + agreement + view SD + feature typicality
0.013698630136986301,1.3698630136986301,confidence_only,Confidence only,69,0.57499999999999996,57.5,0,0,0,False,Confidence + agreement + view SD + feature typicality
0.013698630136986301,1.3698630136986301,confidence_model_agreement,Confidence + model agreement,68,0.56666666666666665,56.666666666666664,0,0,0,False,Confidence + agreement + view SD + feature typicality
0.013698630136986301,1.3698630136986301,confidence_view_sd,Confidence + view SD,89,0.7416666666666667,74.166666666666671,1,0.011235955056179775,1,False,Confidence + agreement + view SD + feature typicality
0.013698630136986301,1.3698630136986301,full_reliability,Confidence + agreement + view SD + feature typicality,90,0.75,75,1,0.011111111111111112,1,True,Confidence + agreement + view SD + feature typicality
0.013888888888888888,1.3888888888888888,confidence_only,Confidence only,69,0.57499999999999996,57.5,0,0,0,False,Confidence + agreement + view SD + feature typicality
0.013888888888888888,1.3888888888888888,confidence_model_agreement,Confidence + model agreement,68,0.56666666666666665,56.666666666666664,0,0,0,False,Confidence + agreement + view SD + feature typicality
0.013888888888888888,1.3888888888888888,confidence_view_sd,Confidence + view SD,89,0.7416666666666667,74.166666666666671,1,0.011235955056179775,1,False,Confidence + agreement + view SD + feature typicality
0.013888888888888888,1.3888888888888888,full_reliability,Confidence + agreement + view SD + feature typicality,90,0.75,75,1,0.011111111111111112,1,True,Confidence + agreement + view SD + feature typicality
0.014084507042253521,1.4084507042253522,confidence_only,Confidence only,69,0.57499999999999996,57.5,0,0,0,False,Confidence + agreement + view SD + feature typicality
0.014084507042253521,1.4084507042253522,confidence_model_agreement,Confidence + model agreement,68,0.56666666666666665,56.666666666666664,0,0,0,False,Confidence + agreement + view SD + feature typicality
0.014084507042253521,1.4084507042253522,confidence_view_sd,Confidence + view SD,89,0.7416666666666667,74.166666666666671,1,0.011235955056179775,1,False,Confidence + agreement + view SD + feature typicality
0.014084507042253521,1.4084507042253522,full_reliability,Confidence + agreement + view SD + feature typicality,90,0.75,75,1,0.011111111111111112,1,True,Confidence + agreement + view SD + feature typicality
0.014285714285714285,1.4285714285714286,confidence_only,Confidence only,70,0.58333333333333337,58.333333333333336,1,0.014285714285714285,0,False,Confidence + agreement + view SD + feature typicality
0.014285714285714285,1.4285714285714286,confidence_model_agreement,Confidence + model agreement,68,0.56666666666666665,56.666666666666664,0,0,0,False,Confidence + agreement + view SD + feature typicality
0.014285714285714285,1.4285714285714286,confidence_view_sd,Confidence + view SD,89,0.7416666666666667,74.166666666666671,1,0.011235955056179775,1,False,Confidence + agreement + view SD + feature typicality
0.014285714285714285,1.4285714285714286,full_reliability,Confidence + agreement + view SD + feature typicality,90,0.75,75,1,0.011111111111111112,1,True,Confidence + agreement + view SD + feature typicality
0.014492753623188406,1.4492753623188406,confidence_only,Confidence only,70,0.58333333333333337,58.333333333333336,1,0.014285714285714285,0,False,Confidence + agreement + view SD + feature typicality
0.014492753623188406,1.4492753623188406,confidence_model_agreement,Confidence + model agreement,69,0.57499999999999996,57.5,1,0.014492753623188406,0,False,Confidence + agreement + view SD + feature typicality
0.014492753623188406,1.4492753623188406,confidence_view_sd,Confidence + view SD,89,0.7416666666666667,74.166666666666671,1,0.011235955056179775,1,False,Confidence + agreement + view SD + feature typicality
0.014492753623188406,1.4492753623188406,full_reliability,Confidence + agreement + view SD + feature typicality,90,0.75,75,1,0.011111111111111112,1,True,Confidence + agreement + view SD + feature typicality
0.020833333333333332,2.083333333333333,confidence_only,Confidence only,70,0.58333333333333337,58.333333333333336,1,0.014285714285714285,0,False,Confidence + model agreement; Confidence + agreement + view SD + feature typicality
0.020833333333333332,2.083333333333333,confidence_model_agreement,Confidence + model agreement,96,0.80000000000000004,80,2,0.020833333333333332,1,True,Confidence + model agreement; Confidence + agreement + view SD + feature typicality
0.020833333333333332,2.083333333333333,confidence_view_sd,Confidence + view SD,89,0.7416666666666667,74.166666666666671,1,0.011235955056179775,1,False,Confidence + model agreement; Confidence + agreement + view SD + feature typicality
0.020833333333333332,2.083333333333333,full_reliability,Confidence + agreement + view SD + feature typicality,96,0.80000000000000004,80,2,0.020833333333333332,1,True,Confidence + model agreement; Confidence + agreement + view SD + feature typicality
0.021052631578947368,2.1052631578947367,confidence_only,Confidence only,70,0.58333333333333337,58.333333333333336,1,0.014285714285714285,0,False,Confidence + model agreement; Confidence + agreement + view SD + feature typicality
0.021052631578947368,2.1052631578947367,confidence_model_agreement,Confidence + model agreement,96,0.80000000000000004,80,2,0.020833333333333332,1,True,Confidence + model agreement; Confidence + agreement + view SD + feature typicality
0.021052631578947368,2.1052631578947367,confidence_view_sd,Confidence + view SD,89,0.7416666666666667,74.166666666666671,1,0.011235955056179775,1,False,Confidence + model agreement; Confidence + agreement + view SD + feature typicality
0.021052631578947368,2.1052631578947367,full_reliability,Confidence + agreement + view SD + feature typicality,96,0.80000000000000004,80,2,0.020833333333333332,1,True,Confidence + model agreement; Confidence + agreement + view SD + feature typicality
0.021276595744680851,2.1276595744680851,confidence_only,Confidence only,70,0.58333333333333337,58.333333333333336,1,0.014285714285714285,0,False,Confidence + model agreement; Confidence + agreement + view SD + feature typicality
0.021276595744680851,2.1276595744680851,confidence_model_agreement,Confidence + model agreement,96,0.80000000000000004,80,2,0.020833333333333332,1,True,Confidence + model agreement; Confidence + agreement + view SD + feature typicality
0.021276595744680851,2.1276595744680851,confidence_view_sd,Confidence + view SD,89,0.7416666666666667,74.166666666666671,1,0.011235955056179775,1,False,Confidence + model agreement; Confidence + agreement + view SD + feature typicality
0.021276595744680851,2.1276595744680851,full_reliability,Confidence + agreement + view SD + feature typicality,96,0.80000000000000004,80,2,0.020833333333333332,1,True,Confidence + model agreement; Confidence + agreement + view SD + feature typicality
0.021505376344086023,2.1505376344086025,confidence_only,Confidence only,70,0.58333333333333337,58.333333333333336,1,0.014285714285714285,0,False,Confidence + model agreement; Confidence + agreement + view SD + feature typicality
0.021505376344086023,2.1505376344086025,confidence_model_agreement,Confidence + model agreement,96,0.80000000000000004,80,2,0.020833333333333332,1,True,Confidence + model agreement; Confidence + agreement + view SD + feature typicality
0.021505376344086023,2.1505376344086025,confidence_view_sd,Confidence + view SD,89,0.7416666666666667,74.166666666666671,1,0.011235955056179775,1,False,Confidence + model agreement; Confidence + agreement + view SD + feature typicality
0.021505376344086023,2.1505376344086025,full_reliability,Confidence + agreement + view SD + feature typicality,96,0.80000000000000004,80,2,0.020833333333333332,1,True,Confidence + model agreement; Confidence + agreement + view SD + feature typicality
0.021739130434782608,2.1739130434782608,confidence_only,Confidence only,70,0.58333333333333337,58.333333333333336,1,0.014285714285714285,0,False,Confidence + model agreement; Confidence + agreement + view SD + feature typicality
0.021739130434782608,2.1739130434782608,confidence_model_agreement,Confidence + model agreement,96,0.80000000000000004,80,2,0.020833333333333332,1,True,Confidence + model agreement; Confidence + agreement + view SD + feature typicality
0.021739130434782608,2.1739130434782608,confidence_view_sd,Confidence + view SD,89,0.7416666666666667,74.166666666666671,1,0.011235955056179775,1,False,Confidence + model agreement; Confidence + agreement + view SD + feature typicality
0.021739130434782608,2.1739130434782608,full_reliability,Confidence + agreement + view SD + feature typicality,96,0.80000000000000004,80,2,0.020833333333333332,1,True,Confidence + model agreement; Confidence + agreement + view SD + feature typicality
0.02197802197802198,2.197802197802198,confidence_only,Confidence only,70,0.58333333333333337,58.333333333333336,1,0.014285714285714285,0,False,Confidence + model agreement; Confidence + agreement + view SD + feature typicality
0.02197802197802198,2.197802197802198,confidence_model_agreement,Confidence + model agreement,96,0.80000000000000004,80,2,0.020833333333333332,1,True,Confidence + model agreement; Confidence + agreement + view SD + feature typicality
0.02197802197802198,2.197802197802198,confidence_view_sd,Confidence + view SD,91,0.7583333333333333,75.833333333333329,2,0.02197802197802198,2,False,Confidence + model agreement; Confidence + agreement + view SD + feature typicality
0.02197802197802198,2.197802197802198,full_reliability,Confidence + agreement + view SD + feature typicality,96,0.80000000000000004,80,2,0.020833333333333332,1,True,Confidence + model agreement; Confidence + agreement + view SD + feature typicality
0.022222222222222223,2.2222222222222223,confidence_only,Confidence only,70,0.58333333333333337,58.333333333333336,1,0.014285714285714285,0,False,Confidence + model agreement; Confidence + agreement + view SD + feature typicality
0.022222222222222223,2.2222222222222223,confidence_model_agreement,Confidence + model agreement,96,0.80000000000000004,80,2,0.020833333333333332,1,True,Confidence + model agreement; Confidence + agreement + view SD + feature typicality
0.022222222222222223,2.2222222222222223,confidence_view_sd,Confidence + view SD,91,0.7583333333333333,75.833333333333329,2,0.02197802197802198,2,False,Confidence + model agreement; Confidence + agreement + view SD + feature typicality
0.022222222222222223,2.2222222222222223,full_reliability,Confidence + agreement + view SD + feature typicality,96,0.80000000000000004,80,2,0.020833333333333332,1,True,Confidence + model agreement; Confidence + agreement + view SD + feature typicality
0.02247191011235955,2.2471910112359552,confidence_only,Confidence only,70,0.58333333333333337,58.333333333333336,1,0.014285714285714285,0,False,Confidence + model agreement; Confidence + agreement + view SD + feature typicality
0.02247191011235955,2.2471910112359552,confidence_model_agreement,Confidence + model agreement,96,0.80000000000000004,80,2,0.020833333333333332,1,True,Confidence + model agreement; Confidence + agreement + view SD + feature typicality
0.02247191011235955,2.2471910112359552,confidence_view_sd,Confidence + view SD,91,0.7583333333333333,75.833333333333329,2,0.02197802197802198,2,False,Confidence + model agreement; Confidence + agreement + view SD + feature typicality
0.02247191011235955,2.2471910112359552,full_reliability,Confidence + agreement + view SD + feature typicality,96,0.80000000000000004,80,2,0.020833333333333332,1,True,Confidence + model agreement; Confidence + agreement + view SD + feature typicality
0.022727272727272728,2.2727272727272729,confidence_only,Confidence only,70,0.58333333333333337,58.333333333333336,1,0.014285714285714285,0,False,Confidence + model agreement; Confidence + agreement + view SD + feature typicality
0.022727272727272728,2.2727272727272729,confidence_model_agreement,Confidence + model agreement,96,0.80000000000000004,80,2,0.020833333333333332,1,True,Confidence + model agreement; Confidence + agreement + view SD + feature typicality
0.022727272727272728,2.2727272727272729,confidence_view_sd,Confidence + view SD,91,0.7583333333333333,75.833333333333329,2,0.02197802197802198,2,False,Confidence + model agreement; Confidence + agreement + view SD + feature typicality
0.022727272727272728,2.2727272727272729,full_reliability,Confidence + agreement + view SD + feature typicality,96,0.80000000000000004,80,2,0.020833333333333332,1,True,Confidence + model agreement; Confidence + agreement + view SD + feature typicality
0.022988505747126436,2.2988505747126435,confidence_only,Confidence only,70,0.58333333333333337,58.333333333333336,1,0.014285714285714285,0,False,Confidence + model agreement; Confidence + agreement + view SD + feature typicality
0.022988505747126436,2.2988505747126435,confidence_model_agreement,Confidence + model agreement,96,0.80000000000000004,80,2,0.020833333333333332,1,True,Confidence + model agreement; Confidence + agreement + view SD + feature typicality
0.022988505747126436,2.2988505747126435,confidence_view_sd,Confidence + view SD,91,0.7583333333333333,75.833333333333329,2,0.02197802197802198,2,False,Confidence + model agreement; Confidence + agreement + view SD + feature typicality
0.022988505747126436,2.2988505747126435,full_reliability,Confidence + agreement + view SD + feature typicality,96,0.80000000000000004,80,2,0.020833333333333332,1,True,Confidence + model agreement; Confidence + agreement + view SD + feature typicality
0.023255813953488372,2.3255813953488373,confidence_only,Confidence only,70,0.58333333333333337,58.333333333333336,1,0.014285714285714285,0,False,Confidence + model agreement; Confidence + agreement + view SD + feature typicality
0.023255813953488372,2.3255813953488373,confidence_model_agreement,Confidence + model agreement,96,0.80000000000000004,80,2,0.020833333333333332,1,True,Confidence + model agreement; Confidence + agreement + view SD + feature typicality
0.023255813953488372,2.3255813953488373,confidence_view_sd,Confidence + view SD,91,0.7583333333333333,75.833333333333329,2,0.02197802197802198,2,False,Confidence + model agreement; Confidence + agreement + view SD + feature typicality
0.023255813953488372,2.3255813953488373,full_reliability,Confidence + agreement + view SD + feature typicality,96,0.80000000000000004,80,2,0.020833333333333332,1,True,Confidence + model agreement; Confidence + agreement + view SD + feature typicality
0.023529411764705882,2.3529411764705883,confidence_only,Confidence only,70,0.58333333333333337,58.333333333333336,1,0.014285714285714285,0,False,Confidence + model agreement; Confidence + agreement + view SD + feature typicality
0.023529411764705882,2.3529411764705883,confidence_model_agreement,Confidence + model agreement,96,0.80000000000000004,80,2,0.020833333333333332,1,True,Confidence + model agreement; Confidence + agreement + view SD + feature typicality
0.023529411764705882,2.3529411764705883,confidence_view_sd,Confidence + view SD,91,0.7583333333333333,75.833333333333329,2,0.02197802197802198,2,False,Confidence + model agreement; Confidence + agreement + view SD + feature typicality
0.023529411764705882,2.3529411764705883,full_reliability,Confidence + agreement + view SD + feature typicality,96,0.80000000000000004,80,2,0.020833333333333332,1,True,Confidence + model agreement; Confidence + agreement + view SD + feature typicality
0.023809523809523808,2.3809523809523809,confidence_only,Confidence only,70,0.58333333333333337,58.333333333333336,1,0.014285714285714285,0,False,Confidence + model agreement; Confidence + agreement + view SD + feature typicality
0.023809523809523808,2.3809523809523809,confidence_model_agreement,Confidence + model agreement,96,0.80000000000000004,80,2,0.020833333333333332,1,True,Confidence + model agreement; Confidence + agreement + view SD + feature typicality
0.023809523809523808,2.3809523809523809,confidence_view_sd,Confidence + view SD,91,0.7583333333333333,75.833333333333329,2,0.02197802197802198,2,False,Confidence + model agreement; Confidence + agreement + view SD + feature typicality
0.023809523809523808,2.3809523809523809,full_reliability,Confidence + agreement + view SD + feature typicality,96,0.80000000000000004,80,2,0.020833333333333332,1,True,Confidence + model agreement; Confidence + agreement + view SD + feature typicality
0.024096385542168676,2.4096385542168677,confidence_only,Confidence only,70,0.58333333333333337,58.333333333333336,1,0.014285714285714285,0,False,Confidence + model agreement; Confidence + agreement + view SD + feature typicality
0.024096385542168676,2.4096385542168677,confidence_model_agreement,Confidence + model agreement,96,0.80000000000000004,80,2,0.020833333333333332,1,True,Confidence + model agreement; Confidence + agreement + view SD + feature typicality
0.024096385542168676,2.4096385542168677,confidence_view_sd,Confidence + view SD,91,0.7583333333333333,75.833333333333329,2,0.02197802197802198,2,False,Confidence + model agreement; Confidence + agreement + view SD + feature typicality
0.024096385542168676,2.4096385542168677,full_reliability,Confidence + agreement + view SD + feature typicality,96,0.80000000000000004,80,2,0.020833333333333332,1,True,Confidence + model agreement; Confidence + agreement + view SD + feature typicality
0.024390243902439025,2.4390243902439024,confidence_only,Confidence only,70,0.58333333333333337,58.333333333333336,1,0.014285714285714285,0,False,Confidence + model agreement; Confidence + agreement + view SD + feature typicality
0.024390243902439025,2.4390243902439024,confidence_model_agreement,Confidence + model agreement,96,0.80000000000000004,80,2,0.020833333333333332,1,True,Confidence + model agreement; Confidence + agreement + view SD + feature typicality
0.024390243902439025,2.4390243902439024,confidence_view_sd,Confidence + view SD,91,0.7583333333333333,75.833333333333329,2,0.02197802197802198,2,False,Confidence + model agreement; Confidence + agreement + view SD + feature typicality
0.024390243902439025,2.4390243902439024,full_reliability,Confidence + agreement + view SD + feature typicality,96,0.80000000000000004,80,2,0.020833333333333332,1,True,Confidence + model agreement; Confidence + agreement + view SD + feature typicality
0.024691358024691357,2.4691358024691357,confidence_only,Confidence only,70,0.58333333333333337,58.333333333333336,1,0.014285714285714285,0,False,Confidence + model agreement; Confidence + agreement + view SD + feature typicality
0.024691358024691357,2.4691358024691357,confidence_model_agreement,Confidence + model agreement,96,0.80000000000000004,80,2,0.020833333333333332,1,True,Confidence + model agreement; Confidence + agreement + view SD + feature typicality
0.024691358024691357,2.4691358024691357,confidence_view_sd,Confidence + view SD,91,0.7583333333333333,75.833333333333329,2,0.02197802197802198,2,False,Confidence + model agreement; Confidence + agreement + view SD + feature typicality
0.024691358024691357,2.4691358024691357,full_reliability,Confidence + agreement + view SD + feature typicality,96,0.80000000000000004,80,2,0.020833333333333332,1,True,Confidence + model agreement; Confidence + agreement + view SD + feature typicality
0.025000000000000001,2.5,confidence_only,Confidence only,70,0.58333333333333337,58.333333333333336,1,0.014285714285714285,0,False,Confidence + model agreement; Confidence + agreement + view SD + feature typicality
0.025000000000000001,2.5,confidence_model_agreement,Confidence + model agreement,96,0.80000000000000004,80,2,0.020833333333333332,1,True,Confidence + model agreement; Confidence + agreement + view SD + feature typicality
0.025000000000000001,2.5,confidence_view_sd,Confidence + view SD,91,0.7583333333333333,75.833333333333329,2,0.02197802197802198,2,False,Confidence + model agreement; Confidence + agreement + view SD + feature typicality
0.025000000000000001,2.5,full_reliability,Confidence + agreement + view SD + feature typicality,96,0.80000000000000004,80,2,0.020833333333333332,1,True,Confidence + model agreement; Confidence + agreement + view SD + feature typicality
0.025316455696202531,2.5316455696202533,confidence_only,Confidence only,70,0.58333333333333337,58.333333333333336,1,0.014285714285714285,0,False,Confidence + model agreement; Confidence + agreement + view SD + feature typicality
0.025316455696202531,2.5316455696202533,confidence_model_agreement,Confidence + model agreement,96,0.80000000000000004,80,2,0.020833333333333332,1,True,Confidence + model agreement; Confidence + agreement + view SD + feature typicality
0.025316455696202531,2.5316455696202533,confidence_view_sd,Confidence + view SD,91,0.7583333333333333,75.833333333333329,2,0.02197802197802198,2,False,Confidence + model agreement; Confidence + agreement + view SD + feature typicality
0.025316455696202531,2.5316455696202533,full_reliability,Confidence + agreement + view SD + feature typicality,96,0.80000000000000004,80,2,0.020833333333333332,1,True,Confidence + model agreement; Confidence + agreement + view SD + feature typicality
0.02564102564102564,2.5641025641025639,confidence_only,Confidence only,70,0.58333333333333337,58.333333333333336,1,0.014285714285714285,0,False,Confidence + model agreement; Confidence + agreement + view SD + feature typicality
0.02564102564102564,2.5641025641025639,confidence_model_agreement,Confidence + model agreement,96,0.80000000000000004,80,2,0.020833333333333332,1,True,Confidence + model agreement; Confidence + agreement + view SD + feature typicality
0.02564102564102564,2.5641025641025639,confidence_view_sd,Confidence + view SD,91,0.7583333333333333,75.833333333333329,2,0.02197802197802198,2,False,Confidence + model agreement; Confidence + agreement + view SD + feature typicality
0.02564102564102564,2.5641025641025639,full_reliability,Confidence + agreement + view SD + feature typicality,96,0.80000000000000004,80,2,0.020833333333333332,1,True,Confidence + model agreement; Confidence + agreement + view SD + feature typicality
0.025974025974025976,2.5974025974025974,confidence_only,Confidence only,70,0.58333333333333337,58.333333333333336,1,0.014285714285714285,0,False,Confidence + model agreement; Confidence + agreement + view SD + feature typicality
0.025974025974025976,2.5974025974025974,confidence_model_agreement,Confidence + model agreement,96,0.80000000000000004,80,2,0.020833333333333332,1,True,Confidence + model agreement; Confidence + agreement + view SD + feature typicality
0.025974025974025976,2.5974025974025974,confidence_view_sd,Confidence + view SD,91,0.7583333333333333,75.833333333333329,2,0.02197802197802198,2,False,Confidence + model agreement; Confidence + agreement + view SD + feature typicality
0.025974025974025976,2.5974025974025974,full_reliability,Confidence + agreement + view SD + feature typicality,96,0.80000000000000004,80,2,0.020833333333333332,1,True,Confidence + model agreement; Confidence + agreement + view SD + feature typicality
0.026315789473684209,2.6315789473684208,confidence_only,Confidence only,70,0.58333333333333337,58.333333333333336,1,0.014285714285714285,0,False,Confidence + model agreement; Confidence + agreement + view SD + feature typicality
0.026315789473684209,2.6315789473684208,confidence_model_agreement,Confidence + model agreement,96,0.80000000000000004,80,2,0.020833333333333332,1,True,Confidence + model agreement; Confidence + agreement + view SD + feature typicality
0.026315789473684209,2.6315789473684208,confidence_view_sd,Confidence + view SD,91,0.7583333333333333,75.833333333333329,2,0.02197802197802198,2,False,Confidence + model agreement; Confidence + agreement + view SD + feature typicality
0.026315789473684209,2.6315789473684208,full_reliability,Confidence + agreement + view SD + feature typicality,96,0.80000000000000004,80,2,0.020833333333333332,1,True,Confidence + model agreement; Confidence + agreement + view SD + feature typicality
0.026666666666666668,2.666666666666667,confidence_only,Confidence only,70,0.58333333333333337,58.333333333333336,1,0.014285714285714285,0,False,Confidence + model agreement; Confidence + agreement + view SD + feature typicality
0.026666666666666668,2.666666666666667,confidence_model_agreement,Confidence + model agreement,96,0.80000000000000004,80,2,0.020833333333333332,1,True,Confidence + model agreement; Confidence + agreement + view SD + feature typicality
0.026666666666666668,2.666666666666667,confidence_view_sd,Confidence + view SD,91,0.7583333333333333,75.833333333333329,2,0.02197802197802198,2,False,Confidence + model agreement; Confidence + agreement + view SD + feature typicality
0.026666666666666668,2.666666666666667,full_reliability,Confidence + agreement + view SD + feature typicality,96,0.80000000000000004,80,2,0.020833333333333332,1,True,Confidence + model agreement; Confidence + agreement + view SD + feature typicality
0.027027027027027029,2.7027027027027026,confidence_only,Confidence only,70,0.58333333333333337,58.333333333333336,1,0.014285714285714285,0,False,Confidence + model agreement; Confidence + agreement + view SD + feature typicality
0.027027027027027029,2.7027027027027026,confidence_model_agreement,Confidence + model agreement,96,0.80000000000000004,80,2,0.020833333333333332,1,True,Confidence + model agreement; Confidence + agreement + view SD + feature typicality
0.027027027027027029,2.7027027027027026,confidence_view_sd,Confidence + view SD,91,0.7583333333333333,75.833333333333329,2,0.02197802197802198,2,False,Confidence + model agreement; Confidence + agreement + view SD + feature typicality
0.027027027027027029,2.7027027027027026,full_reliability,Confidence + agreement + view SD + feature typicality,96,0.80000000000000004,80,2,0.020833333333333332,1,True,Confidence + model agreement; Confidence + agreement + view SD + feature typicality
0.027397260273972601,2.7397260273972601,confidence_only,Confidence only,73,0.60833333333333328,60.833333333333336,2,0.027397260273972601,1,False,Confidence + model agreement; Confidence + agreement + view SD + feature typicality
0.027397260273972601,2.7397260273972601,confidence_model_agreement,Confidence + model agreement,96,0.80000000000000004,80,2,0.020833333333333332,1,True,Confidence + model agreement; Confidence + agreement + view SD + feature typicality
0.027397260273972601,2.7397260273972601,confidence_view_sd,Confidence + view SD,91,0.7583333333333333,75.833333333333329,2,0.02197802197802198,2,False,Confidence + model agreement; Confidence + agreement + view SD + feature typicality
0.027397260273972601,2.7397260273972601,full_reliability,Confidence + agreement + view SD + feature typicality,96,0.80000000000000004,80,2,0.020833333333333332,1,True,Confidence + model agreement; Confidence + agreement + view SD + feature typicality
0.027777777777777776,2.7777777777777777,confidence_only,Confidence only,73,0.60833333333333328,60.833333333333336,2,0.027397260273972601,1,False,Confidence + model agreement; Confidence + agreement + view SD + feature typicality
0.027777777777777776,2.7777777777777777,confidence_model_agreement,Confidence + model agreement,96,0.80000000000000004,80,2,0.020833333333333332,1,True,Confidence + model agreement; Confidence + agreement + view SD + feature typicality
0.027777777777777776,2.7777777777777777,confidence_view_sd,Confidence + view SD,91,0.7583333333333333,75.833333333333329,2,0.02197802197802198,2,False,Confidence + model agreement; Confidence + agreement + view SD + feature typicality
0.027777777777777776,2.7777777777777777,full_reliability,Confidence + agreement + view SD + feature typicality,96,0.80000000000000004,80,2,0.020833333333333332,1,True,Confidence + model agreement; Confidence + agreement + view SD + feature typicality
0.028169014084507043,2.8169014084507045,confidence_only,Confidence only,73,0.60833333333333328,60.833333333333336,2,0.027397260273972601,1,False,Confidence + model agreement; Confidence + agreement + view SD + feature typicality
0.028169014084507043,2.8169014084507045,confidence_model_agreement,Confidence + model agreement,96,0.80000000000000004,80,2,0.020833333333333332,1,True,Confidence + model agreement; Confidence + agreement + view SD + feature typicality
0.028169014084507043,2.8169014084507045,confidence_view_sd,Confidence + view SD,91,0.7583333333333333,75.833333333333329,2,0.02197802197802198,2,False,Confidence + model agreement; Confidence + agreement + view SD + feature typicality
0.028169014084507043,2.8169014084507045,full_reliability,Confidence + agreement + view SD + feature typicality,96,0.80000000000000004,80,2,0.020833333333333332,1,True,Confidence + model agreement; Confidence + agreement + view SD + feature typicality
0.028571428571428571,2.8571428571428572,confidence_only,Confidence only,73,0.60833333333333328,60.833333333333336,2,0.027397260273972601,1,False,Confidence + model agreement; Confidence + agreement + view SD + feature typicality
0.028571428571428571,2.8571428571428572,confidence_model_agreement,Confidence + model agreement,96,0.80000000000000004,80,2,0.020833333333333332,1,True,Confidence + model agreement; Confidence + agreement + view SD + feature typicality
0.028571428571428571,2.8571428571428572,confidence_view_sd,Confidence + view SD,91,0.7583333333333333,75.833333333333329,2,0.02197802197802198,2,False,Confidence + model agreement; Confidence + agreement + view SD + feature typicality
0.028571428571428571,2.8571428571428572,full_reliability,Confidence + agreement + view SD + feature typicality,96,0.80000000000000004,80,2,0.020833333333333332,1,True,Confidence + model agreement; Confidence + agreement + view SD + feature typicality
0.030303030303030304,3.0303030303030303,confidence_only,Confidence only,73,0.60833333333333328,60.833333333333336,2,0.027397260273972601,1,False,Confidence + model agreement; Confidence + agreement + view SD + feature typicality
0.030303030303030304,3.0303030303030303,confidence_model_agreement,Confidence + model agreement,99,0.82499999999999996,82.5,3,0.030303030303030304,1,True,Confidence + model agreement; Confidence + agreement + view SD + feature typicality
0.030303030303030304,3.0303030303030303,confidence_view_sd,Confidence + view SD,91,0.7583333333333333,75.833333333333329,2,0.02197802197802198,2,False,Confidence + model agreement; Confidence + agreement + view SD + feature typicality
0.030303030303030304,3.0303030303030303,full_reliability,Confidence + agreement + view SD + feature typicality,99,0.82499999999999996,82.5,3,0.030303030303030304,1,True,Confidence + model agreement; Confidence + agreement + view SD + feature typicality
0.030612244897959183,3.0612244897959182,confidence_only,Confidence only,73,0.60833333333333328,60.833333333333336,2,0.027397260273972601,1,False,Confidence + model agreement; Confidence + agreement + view SD + feature typicality
0.030612244897959183,3.0612244897959182,confidence_model_agreement,Confidence + model agreement,99,0.82499999999999996,82.5,3,0.030303030303030304,1,True,Confidence + model agreement; Confidence + agreement + view SD + feature typicality
0.030612244897959183,3.0612244897959182,confidence_view_sd,Confidence + view SD,91,0.7583333333333333,75.833333333333329,2,0.02197802197802198,2,False,Confidence + model agreement; Confidence + agreement + view SD + feature typicality
0.030612244897959183,3.0612244897959182,full_reliability,Confidence + agreement + view SD + feature typicality,99,0.82499999999999996,82.5,3,0.030303030303030304,1,True,Confidence + model agreement; Confidence + agreement + view SD + feature typicality
0.030927835051546393,3.0927835051546393,confidence_only,Confidence only,73,0.60833333333333328,60.833333333333336,2,0.027397260273972601,1,False,Confidence + model agreement; Confidence + agreement + view SD + feature typicality
0.030927835051546393,3.0927835051546393,confidence_model_agreement,Confidence + model agreement,99,0.82499999999999996,82.5,3,0.030303030303030304,1,True,Confidence + model agreement; Confidence + agreement + view SD + feature typicality
0.030927835051546393,3.0927835051546393,confidence_view_sd,Confidence + view SD,91,0.7583333333333333,75.833333333333329,2,0.02197802197802198,2,False,Confidence + model agreement; Confidence + agreement + view SD + feature typicality
0.030927835051546393,3.0927835051546393,full_reliability,Confidence + agreement + view SD + feature typicality,99,0.82499999999999996,82.5,3,0.030303030303030304,1,True,Confidence + model agreement; Confidence + agreement + view SD + feature typicality
0.031914893617021274,3.1914893617021276,confidence_only,Confidence only,73,0.60833333333333328,60.833333333333336,2,0.027397260273972601,1,False,Confidence + model agreement; Confidence + agreement + view SD + feature typicality
0.031914893617021274,3.1914893617021276,confidence_model_agreement,Confidence + model agreement,99,0.82499999999999996,82.5,3,0.030303030303030304,1,True,Confidence + model agreement; Confidence + agreement + view SD + feature typicality
0.031914893617021274,3.1914893617021276,confidence_view_sd,Confidence + view SD,94,0.78333333333333333,78.333333333333329,3,0.031914893617021274,2,False,Confidence + model agreement; Confidence + agreement + view SD + feature typicality
0.031914893617021274,3.1914893617021276,full_reliability,Confidence + agreement + view SD + feature typicality,99,0.82499999999999996,82.5,3,0.030303030303030304,1,True,Confidence + model agreement; Confidence + agreement + view SD + feature typicality
0.032258064516129031,3.225806451612903,confidence_only,Confidence only,73,0.60833333333333328,60.833333333333336,2,0.027397260273972601,1,False,Confidence + model agreement; Confidence + agreement + view SD + feature typicality
0.032258064516129031,3.225806451612903,confidence_model_agreement,Confidence + model agreement,99,0.82499999999999996,82.5,3,0.030303030303030304,1,True,Confidence + model agreement; Confidence + agreement + view SD + feature typicality
0.032258064516129031,3.225806451612903,confidence_view_sd,Confidence + view SD,94,0.78333333333333333,78.333333333333329,3,0.031914893617021274,2,False,Confidence + model agreement; Confidence + agreement + view SD + feature typicality
0.032258064516129031,3.225806451612903,full_reliability,Confidence + agreement + view SD + feature typicality,99,0.82499999999999996,82.5,3,0.030303030303030304,1,True,Confidence + model agreement; Confidence + agreement + view SD + feature typicality
0.032608695652173912,3.2608695652173911,confidence_only,Confidence only,73,0.60833333333333328,60.833333333333336,2,0.027397260273972601,1,False,Confidence + model agreement; Confidence + agreement + view SD + feature typicality
0.032608695652173912,3.2608695652173911,confidence_model_agreement,Confidence + model agreement,99,0.82499999999999996,82.5,3,0.030303030303030304,1,True,Confidence + model agreement; Confidence + agreement + view SD + feature typicality
0.032608695652173912,3.2608695652173911,confidence_view_sd,Confidence + view SD,94,0.78333333333333333,78.333333333333329,3,0.031914893617021274,2,False,Confidence + model agreement; Confidence + agreement + view SD + feature typicality
0.032608695652173912,3.2608695652173911,full_reliability,Confidence + agreement + view SD + feature typicality,99,0.82499999999999996,82.5,3,0.030303030303030304,1,True,Confidence + model agreement; Confidence + agreement + view SD + feature typicality
0.032967032967032968,3.296703296703297,confidence_only,Confidence only,91,0.7583333333333333,75.833333333333329,3,0.032967032967032968,2,False,Confidence + model agreement; Confidence + agreement + view SD + feature typicality
0.032967032967032968,3.296703296703297,confidence_model_agreement,Confidence + model agreement,99,0.82499999999999996,82.5,3,0.030303030303030304,1,True,Confidence + model agreement; Confidence + agreement + view SD + feature typicality
0.032967032967032968,3.296703296703297,confidence_view_sd,Confidence + view SD,94,0.78333333333333333,78.333333333333329,3,0.031914893617021274,2,False,Confidence + model agreement; Confidence + agreement + view SD + feature typicality
0.032967032967032968,3.296703296703297,full_reliability,Confidence + agreement + view SD + feature typicality,99,0.82499999999999996,82.5,3,0.030303030303030304,1,True,Confidence + model agreement; Confidence + agreement + view SD + feature typicality
0.033333333333333333,3.3333333333333335,confidence_only,Confidence only,91,0.7583333333333333,75.833333333333329,3,0.032967032967032968,2,False,Confidence + model agreement; Confidence + agreement + view SD + feature typicality
0.033333333333333333,3.3333333333333335,confidence_model_agreement,Confidence + model agreement,99,0.82499999999999996,82.5,3,0.030303030303030304,1,True,Confidence + model agreement; Confidence + agreement + view SD + feature typicality
0.033333333333333333,3.3333333333333335,confidence_view_sd,Confidence + view SD,94,0.78333333333333333,78.333333333333329,3,0.031914893617021274,2,False,Confidence + model agreement; Confidence + agreement + view SD + feature typicality
0.033333333333333333,3.3333333333333335,full_reliability,Confidence + agreement + view SD + feature typicality,99,0.82499999999999996,82.5,3,0.030303030303030304,1,True,Confidence + model agreement; Confidence + agreement + view SD + feature typicality
0.033707865168539325,3.3707865168539324,confidence_only,Confidence only,91,0.7583333333333333,75.833333333333329,3,0.032967032967032968,2,False,Confidence + model agreement; Confidence + agreement + view SD + feature typicality
0.033707865168539325,3.3707865168539324,confidence_model_agreement,Confidence + model agreement,99,0.82499999999999996,82.5,3,0.030303030303030304,1,True,Confidence + model agreement; Confidence + agreement + view SD + feature typicality
0.033707865168539325,3.3707865168539324,confidence_view_sd,Confidence + view SD,94,0.78333333333333333,78.333333333333329,3,0.031914893617021274,2,False,Confidence + model agreement; Confidence + agreement + view SD + feature typicality
0.033707865168539325,3.3707865168539324,full_reliability,Confidence + agreement + view SD + feature typicality,99,0.82499999999999996,82.5,3,0.030303030303030304,1,True,Confidence + model agreement; Confidence + agreement + view SD + feature typicality
0.034090909090909088,3.4090909090909087,confidence_only,Confidence only,91,0.7583333333333333,75.833333333333329,3,0.032967032967032968,2,False,Confidence + model agreement; Confidence + agreement + view SD + feature typicality
0.034090909090909088,3.4090909090909087,confidence_model_agreement,Confidence + model agreement,99,0.82499999999999996,82.5,3,0.030303030303030304,1,True,Confidence + model agreement; Confidence + agreement + view SD + feature typicality
0.034090909090909088,3.4090909090909087,confidence_view_sd,Confidence + view SD,94,0.78333333333333333,78.333333333333329,3,0.031914893617021274,2,False,Confidence + model agreement; Confidence + agreement + view SD + feature typicality
0.034090909090909088,3.4090909090909087,full_reliability,Confidence + agreement + view SD + feature typicality,99,0.82499999999999996,82.5,3,0.030303030303030304,1,True,Confidence + model agreement; Confidence + agreement + view SD + feature typicality
0.034482758620689655,3.4482758620689653,confidence_only,Confidence only,91,0.7583333333333333,75.833333333333329,3,0.032967032967032968,2,False,Confidence + model agreement; Confidence + agreement + view SD + feature typicality
0.034482758620689655,3.4482758620689653,confidence_model_agreement,Confidence + model agreement,99,0.82499999999999996,82.5,3,0.030303030303030304,1,True,Confidence + model agreement; Confidence + agreement + view SD + feature typicality
0.034482758620689655,3.4482758620689653,confidence_view_sd,Confidence + view SD,94,0.78333333333333333,78.333333333333329,3,0.031914893617021274,2,False,Confidence + model agreement; Confidence + agreement + view SD + feature typicality
0.034482758620689655,3.4482758620689653,full_reliability,Confidence + agreement + view SD + feature typicality,99,0.82499999999999996,82.5,3,0.030303030303030304,1,True,Confidence + model agreement; Confidence + agreement + view SD + feature typicality
0.034883720930232558,3.4883720930232558,confidence_only,Confidence only,91,0.7583333333333333,75.833333333333329,3,0.032967032967032968,2,False,Confidence + model agreement; Confidence + agreement + view SD + feature typicality
0.034883720930232558,3.4883720930232558,confidence_model_agreement,Confidence + model agreement,99,0.82499999999999996,82.5,3,0.030303030303030304,1,True,Confidence + model agreement; Confidence + agreement + view SD + feature typicality
0.034883720930232558,3.4883720930232558,confidence_view_sd,Confidence + view SD,94,0.78333333333333333,78.333333333333329,3,0.031914893617021274,2,False,Confidence + model agreement; Confidence + agreement + view SD + feature typicality
0.034883720930232558,3.4883720930232558,full_reliability,Confidence + agreement + view SD + feature typicality,99,0.82499999999999996,82.5,3,0.030303030303030304,1,True,Confidence + model agreement; Confidence + agreement + view SD + feature typicality
0.035294117647058823,3.5294117647058822,confidence_only,Confidence only,91,0.7583333333333333,75.833333333333329,3,0.032967032967032968,2,False,Confidence + model agreement; Confidence + agreement + view SD + feature typicality
0.035294117647058823,3.5294117647058822,confidence_model_agreement,Confidence + model agreement,99,0.82499999999999996,82.5,3,0.030303030303030304,1,True,Confidence + model agreement; Confidence + agreement + view SD + feature typicality
0.035294117647058823,3.5294117647058822,confidence_view_sd,Confidence + view SD,94,0.78333333333333333,78.333333333333329,3,0.031914893617021274,2,False,Confidence + model agreement; Confidence + agreement + view SD + feature typicality
0.035294117647058823,3.5294117647058822,full_reliability,Confidence + agreement + view SD + feature typicality,99,0.82499999999999996,82.5,3,0.030303030303030304,1,True,Confidence + model agreement; Confidence + agreement + view SD + feature typicality
0.035714285714285712,3.5714285714285712,confidence_only,Confidence only,91,0.7583333333333333,75.833333333333329,3,0.032967032967032968,2,False,Confidence + model agreement; Confidence + agreement + view SD + feature typicality
0.035714285714285712,3.5714285714285712,confidence_model_agreement,Confidence + model agreement,99,0.82499999999999996,82.5,3,0.030303030303030304,1,True,Confidence + model agreement; Confidence + agreement + view SD + feature typicality
0.035714285714285712,3.5714285714285712,confidence_view_sd,Confidence + view SD,94,0.78333333333333333,78.333333333333329,3,0.031914893617021274,2,False,Confidence + model agreement; Confidence + agreement + view SD + feature typicality
0.035714285714285712,3.5714285714285712,full_reliability,Confidence + agreement + view SD + feature typicality,99,0.82499999999999996,82.5,3,0.030303030303030304,1,True,Confidence + model agreement; Confidence + agreement + view SD + feature typicality
0.03614457831325301,3.6144578313253009,confidence_only,Confidence only,91,0.7583333333333333,75.833333333333329,3,0.032967032967032968,2,False,Confidence + model agreement; Confidence + agreement + view SD + feature typicality
0.03614457831325301,3.6144578313253009,confidence_model_agreement,Confidence + model agreement,99,0.82499999999999996,82.5,3,0.030303030303030304,1,True,Confidence + model agreement; Confidence + agreement + view SD + feature typicality
0.03614457831325301,3.6144578313253009,confidence_view_sd,Confidence + view SD,94,0.78333333333333333,78.333333333333329,3,0.031914893617021274,2,False,Confidence + model agreement; Confidence + agreement + view SD + feature typicality
0.03614457831325301,3.6144578313253009,full_reliability,Confidence + agreement + view SD + feature typicality,99,0.82499999999999996,82.5,3,0.030303030303030304,1,True,Confidence + model agreement; Confidence + agreement + view SD + feature typicality
0.036585365853658534,3.6585365853658534,confidence_only,Confidence only,91,0.7583333333333333,75.833333333333329,3,0.032967032967032968,2,False,Confidence + model agreement; Confidence + agreement + view SD + feature typicality
0.036585365853658534,3.6585365853658534,confidence_model_agreement,Confidence + model agreement,99,0.82499999999999996,82.5,3,0.030303030303030304,1,True,Confidence + model agreement; Confidence + agreement + view SD + feature typicality
0.036585365853658534,3.6585365853658534,confidence_view_sd,Confidence + view SD,94,0.78333333333333333,78.333333333333329,3,0.031914893617021274,2,False,Confidence + model agreement; Confidence + agreement + view SD + feature typicality
0.036585365853658534,3.6585365853658534,full_reliability,Confidence + agreement + view SD + feature typicality,99,0.82499999999999996,82.5,3,0.030303030303030304,1,True,Confidence + model agreement; Confidence + agreement + view SD + feature typicality
0.037037037037037035,3.7037037037037033,confidence_only,Confidence only,91,0.7583333333333333,75.833333333333329,3,0.032967032967032968,2,False,Confidence + model agreement; Confidence + agreement + view SD + feature typicality
0.037037037037037035,3.7037037037037033,confidence_model_agreement,Confidence + model agreement,99,0.82499999999999996,82.5,3,0.030303030303030304,1,True,Confidence + model agreement; Confidence + agreement + view SD + feature typicality
0.037037037037037035,3.7037037037037033,confidence_view_sd,Confidence + view SD,94,0.78333333333333333,78.333333333333329,3,0.031914893617021274,2,False,Confidence + model agreement; Confidence + agreement + view SD + feature typicality
0.037037037037037035,3.7037037037037033,full_reliability,Confidence + agreement + view SD + feature typicality,99,0.82499999999999996,82.5,3,0.030303030303030304,1,True,Confidence + model agreement; Confidence + agreement + view SD + feature typicality
0.037499999999999999,3.75,confidence_only,Confidence only,91,0.7583333333333333,75.833333333333329,3,0.032967032967032968,2,False,Confidence + model agreement; Confidence + agreement + view SD + feature typicality
0.037499999999999999,3.75,confidence_model_agreement,Confidence + model agreement,99,0.82499999999999996,82.5,3,0.030303030303030304,1,True,Confidence + model agreement; Confidence + agreement + view SD + feature typicality
0.037499999999999999,3.75,confidence_view_sd,Confidence + view SD,94,0.78333333333333333,78.333333333333329,3,0.031914893617021274,2,False,Confidence + model agreement; Confidence + agreement + view SD + feature typicality
0.037499999999999999,3.75,full_reliability,Confidence + agreement + view SD + feature typicality,99,0.82499999999999996,82.5,3,0.030303030303030304,1,True,Confidence + model agreement; Confidence + agreement + view SD + feature typicality
0.037974683544303799,3.79746835443038,confidence_only,Confidence only,91,0.7583333333333333,75.833333333333329,3,0.032967032967032968,2,False,Confidence + model agreement; Confidence + agreement + view SD + feature typicality
0.037974683544303799,3.79746835443038,confidence_model_agreement,Confidence + model agreement,99,0.82499999999999996,82.5,3,0.030303030303030304,1,True,Confidence + model agreement; Confidence + agreement + view SD + feature typicality
0.037974683544303799,3.79746835443038,confidence_view_sd,Confidence + view SD,94,0.78333333333333333,78.333333333333329,3,0.031914893617021274,2,False,Confidence + model agreement; Confidence + agreement + view SD + feature typicality
0.037974683544303799,3.79746835443038,full_reliability,Confidence + agreement + view SD + feature typicality,99,0.82499999999999996,82.5,3,0.030303030303030304,1,True,Confidence + model agreement; Confidence + agreement + view SD + feature typicality
0.038461538461538464,3.8461538461538463,confidence_only,Confidence only,91,0.7583333333333333,75.833333333333329,3,0.032967032967032968,2,False,Confidence + model agreement; Confidence + agreement + view SD + feature typicality
0.038461538461538464,3.8461538461538463,confidence_model_agreement,Confidence + model agreement,99,0.82499999999999996,82.5,3,0.030303030303030304,1,True,Confidence + model agreement; Confidence + agreement + view SD + feature typicality
0.038461538461538464,3.8461538461538463,confidence_view_sd,Confidence + view SD,94,0.78333333333333333,78.333333333333329,3,0.031914893617021274,2,False,Confidence + model agreement; Confidence + agreement + view SD + feature typicality
0.038461538461538464,3.8461538461538463,full_reliability,Confidence + agreement + view SD + feature typicality,99,0.82499999999999996,82.5,3,0.030303030303030304,1,True,Confidence + model agreement; Confidence + agreement + view SD + feature typicality
0.03896103896103896,3.8961038961038961,confidence_only,Confidence only,91,0.7583333333333333,75.833333333333329,3,0.032967032967032968,2,False,Confidence + model agreement; Confidence + agreement + view SD + feature typicality
0.03896103896103896,3.8961038961038961,confidence_model_agreement,Confidence + model agreement,99,0.82499999999999996,82.5,3,0.030303030303030304,1,True,Confidence + model agreement; Confidence + agreement + view SD + feature typicality
0.03896103896103896,3.8961038961038961,confidence_view_sd,Confidence + view SD,94,0.78333333333333333,78.333333333333329,3,0.031914893617021274,2,False,Confidence + model agreement; Confidence + agreement + view SD + feature typicality
0.03896103896103896,3.8961038961038961,full_reliability,Confidence + agreement + view SD + feature typicality,99,0.82499999999999996,82.5,3,0.030303030303030304,1,True,Confidence + model agreement; Confidence + agreement + view SD + feature typicality
0.039215686274509803,3.9215686274509802,confidence_only,Confidence only,91,0.7583333333333333,75.833333333333329,3,0.032967032967032968,2,False,Confidence + model agreement; Confidence + agreement + view SD + feature typicality
0.039215686274509803,3.9215686274509802,confidence_model_agreement,Confidence + model agreement,102,0.84999999999999998,85,4,0.039215686274509803,2,True,Confidence + model agreement; Confidence + agreement + view SD + feature typicality
0.039215686274509803,3.9215686274509802,confidence_view_sd,Confidence + view SD,94,0.78333333333333333,78.333333333333329,3,0.031914893617021274,2,False,Confidence + model agreement; Confidence + agreement + view SD + feature typicality
0.039215686274509803,3.9215686274509802,full_reliability,Confidence + agreement + view SD + feature typicality,102,0.84999999999999998,85,4,0.039215686274509803,2,True,Confidence + model agreement; Confidence + agreement + view SD + feature typicality
0.039473684210526314,3.9473684210526314,confidence_only,Confidence only,91,0.7583333333333333,75.833333333333329,3,0.032967032967032968,2,False,Confidence + model agreement; Confidence + agreement + view SD + feature typicality
0.039473684210526314,3.9473684210526314,confidence_model_agreement,Confidence + model agreement,102,0.84999999999999998,85,4,0.039215686274509803,2,True,Confidence + model agreement; Confidence + agreement + view SD + feature typicality
0.039473684210526314,3.9473684210526314,confidence_view_sd,Confidence + view SD,94,0.78333333333333333,78.333333333333329,3,0.031914893617021274,2,False,Confidence + model agreement; Confidence + agreement + view SD + feature typicality
0.039473684210526314,3.9473684210526314,full_reliability,Confidence + agreement + view SD + feature typicality,102,0.84999999999999998,85,4,0.039215686274509803,2,True,Confidence + model agreement; Confidence + agreement + view SD + feature typicality
0.039603960396039604,3.9603960396039604,confidence_only,Confidence only,91,0.7583333333333333,75.833333333333329,3,0.032967032967032968,2,False,Confidence + model agreement; Confidence + agreement + view SD + feature typicality
0.039603960396039604,3.9603960396039604,confidence_model_agreement,Confidence + model agreement,102,0.84999999999999998,85,4,0.039215686274509803,2,True,Confidence + model agreement; Confidence + agreement + view SD + feature typicality
0.039603960396039604,3.9603960396039604,confidence_view_sd,Confidence + view SD,94,0.78333333333333333,78.333333333333329,3,0.031914893617021274,2,False,Confidence + model agreement; Confidence + agreement + view SD + feature typicality
0.039603960396039604,3.9603960396039604,full_reliability,Confidence + agreement + view SD + feature typicality,102,0.84999999999999998,85,4,0.039215686274509803,2,True,Confidence + model agreement; Confidence + agreement + view SD + feature typicality
0.040000000000000001,4,confidence_only,Confidence only,91,0.7583333333333333,75.833333333333329,3,0.032967032967032968,2,False,Confidence + model agreement; Confidence + agreement + view SD + feature typicality
0.040000000000000001,4,confidence_model_agreement,Confidence + model agreement,102,0.84999999999999998,85,4,0.039215686274509803,2,True,Confidence + model agreement; Confidence + agreement + view SD + feature typicality
0.040000000000000001,4,confidence_view_sd,Confidence + view SD,94,0.78333333333333333,78.333333333333329,3,0.031914893617021274,2,False,Confidence + model agreement; Confidence + agreement + view SD + feature typicality
0.040000000000000001,4,full_reliability,Confidence + agreement + view SD + feature typicality,102,0.84999999999999998,85,4,0.039215686274509803,2,True,Confidence + model agreement; Confidence + agreement + view SD + feature typicality
0.040404040404040407,4.0404040404040407,confidence_only,Confidence only,99,0.82499999999999996,82.5,4,0.040404040404040407,3,False,Confidence + model agreement; Confidence + agreement + view SD + feature typicality
0.040404040404040407,4.0404040404040407,confidence_model_agreement,Confidence + model agreement,102,0.84999999999999998,85,4,0.039215686274509803,2,True,Confidence + model agreement; Confidence + agreement + view SD + feature typicality
0.040404040404040407,4.0404040404040407,confidence_view_sd,Confidence + view SD,99,0.82499999999999996,82.5,4,0.040404040404040407,3,False,Confidence + model agreement; Confidence + agreement + view SD + feature typicality
0.040404040404040407,4.0404040404040407,full_reliability,Confidence + agreement + view SD + feature typicality,102,0.84999999999999998,85,4,0.039215686274509803,2,True,Confidence + model agreement; Confidence + agreement + view SD + feature typicality
0.040540540540540543,4.0540540540540544,confidence_only,Confidence only,99,0.82499999999999996,82.5,4,0.040404040404040407,3,False,Confidence + model agreement; Confidence + agreement + view SD + feature typicality
0.040540540540540543,4.0540540540540544,confidence_model_agreement,Confidence + model agreement,102,0.84999999999999998,85,4,0.039215686274509803,2,True,Confidence + model agreement; Confidence + agreement + view SD + feature typicality
0.040540540540540543,4.0540540540540544,confidence_view_sd,Confidence + view SD,99,0.82499999999999996,82.5,4,0.040404040404040407,3,False,Confidence + model agreement; Confidence + agreement + view SD + feature typicality
0.040540540540540543,4.0540540540540544,full_reliability,Confidence + agreement + view SD + feature typicality,102,0.84999999999999998,85,4,0.039215686274509803,2,True,Confidence + model agreement; Confidence + agreement + view SD + feature typicality
0.040816326530612242,4.0816326530612246,confidence_only,Confidence only,99,0.82499999999999996,82.5,4,0.040404040404040407,3,False,Confidence + model agreement; Confidence + agreement + view SD + feature typicality
0.040816326530612242,4.0816326530612246,confidence_model_agreement,Confidence + model agreement,102,0.84999999999999998,85,4,0.039215686274509803,2,True,Confidence + model agreement; Confidence + agreement + view SD + feature typicality
0.040816326530612242,4.0816326530612246,confidence_view_sd,Confidence + view SD,99,0.82499999999999996,82.5,4,0.040404040404040407,3,False,Confidence + model agreement; Confidence + agreement + view SD + feature typicality
0.040816326530612242,4.0816326530612246,full_reliability,Confidence + agreement + view SD + feature typicality,102,0.84999999999999998,85,4,0.039215686274509803,2,True,Confidence + model agreement; Confidence + agreement + view SD + feature typicality
0.041237113402061855,4.1237113402061851,confidence_only,Confidence only,99,0.82499999999999996,82.5,4,0.040404040404040407,3,False,Confidence + model agreement; Confidence + agreement + view SD + feature typicality
0.041237113402061855,4.1237113402061851,confidence_model_agreement,Confidence + model agreement,102,0.84999999999999998,85,4,0.039215686274509803,2,True,Confidence + model agreement; Confidence + agreement + view SD + feature typicality
0.041237113402061855,4.1237113402061851,confidence_view_sd,Confidence + view SD,99,0.82499999999999996,82.5,4,0.040404040404040407,3,False,Confidence + model agreement; Confidence + agreement + view SD + feature typicality
0.041237113402061855,4.1237113402061851,full_reliability,Confidence + agreement + view SD + feature typicality,102,0.84999999999999998,85,4,0.039215686274509803,2,True,Confidence + model agreement; Confidence + agreement + view SD + feature typicality
0.041666666666666664,4.1666666666666661,confidence_only,Confidence only,99,0.82499999999999996,82.5,4,0.040404040404040407,3,False,Confidence + model agreement; Confidence + agreement + view SD + feature typicality
0.041666666666666664,4.1666666666666661,confidence_model_agreement,Confidence + model agreement,102,0.84999999999999998,85,4,0.039215686274509803,2,True,Confidence + model agreement; Confidence + agreement + view SD + feature typicality
0.041666666666666664,4.1666666666666661,confidence_view_sd,Confidence + view SD,99,0.82499999999999996,82.5,4,0.040404040404040407,3,False,Confidence + model agreement; Confidence + agreement + view SD + feature typicality
0.041666666666666664,4.1666666666666661,full_reliability,Confidence + agreement + view SD + feature typicality,102,0.84999999999999998,85,4,0.039215686274509803,2,True,Confidence + model agreement; Confidence + agreement + view SD + feature typicality
0.042105263157894736,4.2105263157894735,confidence_only,Confidence only,99,0.82499999999999996,82.5,4,0.040404040404040407,3,False,Confidence + model agreement; Confidence + agreement + view SD + feature typicality
0.042105263157894736,4.2105263157894735,confidence_model_agreement,Confidence + model agreement,102,0.84999999999999998,85,4,0.039215686274509803,2,True,Confidence + model agreement; Confidence + agreement + view SD + feature typicality
0.042105263157894736,4.2105263157894735,confidence_view_sd,Confidence + view SD,99,0.82499999999999996,82.5,4,0.040404040404040407,3,False,Confidence + model agreement; Confidence + agreement + view SD + feature typicality
0.042105263157894736,4.2105263157894735,full_reliability,Confidence + agreement + view SD + feature typicality,102,0.84999999999999998,85,4,0.039215686274509803,2,True,Confidence + model agreement; Confidence + agreement + view SD + feature typicality
0.042553191489361701,4.2553191489361701,confidence_only,Confidence only,99,0.82499999999999996,82.5,4,0.040404040404040407,3,False,Confidence + model agreement; Confidence + agreement + view SD + feature typicality
0.042553191489361701,4.2553191489361701,confidence_model_agreement,Confidence + model agreement,102,0.84999999999999998,85,4,0.039215686274509803,2,True,Confidence + model agreement; Confidence + agreement + view SD + feature typicality
0.042553191489361701,4.2553191489361701,confidence_view_sd,Confidence + view SD,99,0.82499999999999996,82.5,4,0.040404040404040407,3,False,Confidence + model agreement; Confidence + agreement + view SD + feature typicality
0.042553191489361701,4.2553191489361701,full_reliability,Confidence + agreement + view SD + feature typicality,102,0.84999999999999998,85,4,0.039215686274509803,2,True,Confidence + model agreement; Confidence + agreement + view SD + feature typicality
0.043010752688172046,4.3010752688172049,confidence_only,Confidence only,99,0.82499999999999996,82.5,4,0.040404040404040407,3,False,Confidence + model agreement; Confidence + agreement + view SD + feature typicality
0.043010752688172046,4.3010752688172049,confidence_model_agreement,Confidence + model agreement,102,0.84999999999999998,85,4,0.039215686274509803,2,True,Confidence + model agreement; Confidence + agreement + view SD + feature typicality
0.043010752688172046,4.3010752688172049,confidence_view_sd,Confidence + view SD,99,0.82499999999999996,82.5,4,0.040404040404040407,3,False,Confidence + model agreement; Confidence + agreement + view SD + feature typicality
0.043010752688172046,4.3010752688172049,full_reliability,Confidence + agreement + view SD + feature typicality,102,0.84999999999999998,85,4,0.039215686274509803,2,True,Confidence + model agreement; Confidence + agreement + view SD + feature typicality
0.043478260869565216,4.3478260869565215,confidence_only,Confidence only,99,0.82499999999999996,82.5,4,0.040404040404040407,3,False,Confidence + model agreement; Confidence + agreement + view SD + feature typicality
0.043478260869565216,4.3478260869565215,confidence_model_agreement,Confidence + model agreement,102,0.84999999999999998,85,4,0.039215686274509803,2,True,Confidence + model agreement; Confidence + agreement + view SD + feature typicality
0.043478260869565216,4.3478260869565215,confidence_view_sd,Confidence + view SD,99,0.82499999999999996,82.5,4,0.040404040404040407,3,False,Confidence + model agreement; Confidence + agreement + view SD + feature typicality
0.043478260869565216,4.3478260869565215,full_reliability,Confidence + agreement + view SD + feature typicality,102,0.84999999999999998,85,4,0.039215686274509803,2,True,Confidence + model agreement; Confidence + agreement + view SD + feature typicality
0.046728971962616821,4.6728971962616823,confidence_only,Confidence only,99,0.82499999999999996,82.5,4,0.040404040404040407,3,False,Confidence + model agreement; Confidence + agreement + view SD + feature typicality
0.046728971962616821,4.6728971962616823,confidence_model_agreement,Confidence + model agreement,107,0.89166666666666672,89.166666666666671,5,0.046728971962616821,3,True,Confidence + model agreement; Confidence + agreement + view SD + feature typicality
0.046728971962616821,4.6728971962616823,confidence_view_sd,Confidence + view SD,99,0.82499999999999996,82.5,4,0.040404040404040407,3,False,Confidence + model agreement; Confidence + agreement + view SD + feature typicality
0.046728971962616821,4.6728971962616823,full_reliability,Confidence + agreement + view SD + feature typicality,107,0.89166666666666672,89.166666666666671,5,0.046728971962616821,3,True,Confidence + model agreement; Confidence + agreement + view SD + feature typicality
0.04716981132075472,4.716981132075472,confidence_only,Confidence only,99,0.82499999999999996,82.5,4,0.040404040404040407,3,False,Confidence + model agreement; Confidence + agreement + view SD + feature typicality
0.04716981132075472,4.716981132075472,confidence_model_agreement,Confidence + model agreement,107,0.89166666666666672,89.166666666666671,5,0.046728971962616821,3,True,Confidence + model agreement; Confidence + agreement + view SD + feature typicality
0.04716981132075472,4.716981132075472,confidence_view_sd,Confidence + view SD,99,0.82499999999999996,82.5,4,0.040404040404040407,3,False,Confidence + model agreement; Confidence + agreement + view SD + feature typicality
0.04716981132075472,4.716981132075472,full_reliability,Confidence + agreement + view SD + feature typicality,107,0.89166666666666672,89.166666666666671,5,0.046728971962616821,3,True,Confidence + model agreement; Confidence + agreement + view SD + feature typicality
0.047619047619047616,4.7619047619047619,confidence_only,Confidence only,99,0.82499999999999996,82.5,4,0.040404040404040407,3,False,Confidence + model agreement; Confidence + agreement + view SD + feature typicality
0.047619047619047616,4.7619047619047619,confidence_model_agreement,Confidence + model agreement,107,0.89166666666666672,89.166666666666671,5,0.046728971962616821,3,True,Confidence + model agreement; Confidence + agreement + view SD + feature typicality
0.047619047619047616,4.7619047619047619,confidence_view_sd,Confidence + view SD,99,0.82499999999999996,82.5,4,0.040404040404040407,3,False,Confidence + model agreement; Confidence + agreement + view SD + feature typicality
0.047619047619047616,4.7619047619047619,full_reliability,Confidence + agreement + view SD + feature typicality,107,0.89166666666666672,89.166666666666671,5,0.046728971962616821,3,True,Confidence + model agreement; Confidence + agreement + view SD + feature typicality
0.04807692307692308,4.8076923076923084,confidence_only,Confidence only,99,0.82499999999999996,82.5,4,0.040404040404040407,3,False,Confidence + model agreement; Confidence + agreement + view SD + feature typicality
0.04807692307692308,4.8076923076923084,confidence_model_agreement,Confidence + model agreement,107,0.89166666666666672,89.166666666666671,5,0.046728971962616821,3,True,Confidence + model agreement; Confidence + agreement + view SD + feature typicality
0.04807692307692308,4.8076923076923084,confidence_view_sd,Confidence + view SD,99,0.82499999999999996,82.5,4,0.040404040404040407,3,False,Confidence + model agreement; Confidence + agreement + view SD + feature typicality
0.04807692307692308,4.8076923076923084,full_reliability,Confidence + agreement + view SD + feature typicality,107,0.89166666666666672,89.166666666666671,5,0.046728971962616821,3,True,Confidence + model agreement; Confidence + agreement + view SD + feature typicality
0.048543689320388349,4.8543689320388346,confidence_only,Confidence only,99,0.82499999999999996,82.5,4,0.040404040404040407,3,False,Confidence + model agreement; Confidence + agreement + view SD + feature typicality
0.048543689320388349,4.8543689320388346,confidence_model_agreement,Confidence + model agreement,107,0.89166666666666672,89.166666666666671,5,0.046728971962616821,3,True,Confidence + model agreement; Confidence + agreement + view SD + feature typicality
0.048543689320388349,4.8543689320388346,confidence_view_sd,Confidence + view SD,99,0.82499999999999996,82.5,4,0.040404040404040407,3,False,Confidence + model agreement; Confidence + agreement + view SD + feature typicality
0.048543689320388349,4.8543689320388346,full_reliability,Confidence + agreement + view SD + feature typicality,107,0.89166666666666672,89.166666666666671,5,0.046728971962616821,3,True,Confidence + model agreement; Confidence + agreement + view SD + feature typicality
0.049019607843137254,4.9019607843137258,confidence_only,Confidence only,102,0.84999999999999998,85,5,0.049019607843137254,3,False,Confidence + model agreement; Confidence + agreement + view SD + feature typicality
0.049019607843137254,4.9019607843137258,confidence_model_agreement,Confidence + model agreement,107,0.89166666666666672,89.166666666666671,5,0.046728971962616821,3,True,Confidence + model agreement; Confidence + agreement + view SD + feature typicality
0.049019607843137254,4.9019607843137258,confidence_view_sd,Confidence + view SD,102,0.84999999999999998,85,5,0.049019607843137254,3,False,Confidence + model agreement; Confidence + agreement + view SD + feature typicality
0.049019607843137254,4.9019607843137258,full_reliability,Confidence + agreement + view SD + feature typicality,107,0.89166666666666672,89.166666666666671,5,0.046728971962616821,3,True,Confidence + model agreement; Confidence + agreement + view SD + feature typicality
0.049504950495049507,4.9504950495049505,confidence_only,Confidence only,102,0.84999999999999998,85,5,0.049019607843137254,3,False,Confidence + model agreement; Confidence + agreement + view SD + feature typicality
0.049504950495049507,4.9504950495049505,confidence_model_agreement,Confidence + model agreement,107,0.89166666666666672,89.166666666666671,5,0.046728971962616821,3,True,Confidence + model agreement; Confidence + agreement + view SD + feature typicality
0.049504950495049507,4.9504950495049505,confidence_view_sd,Confidence + view SD,102,0.84999999999999998,85,5,0.049019607843137254,3,False,Confidence + model agreement; Confidence + agreement + view SD + feature typicality
0.049504950495049507,4.9504950495049505,full_reliability,Confidence + agreement + view SD + feature typicality,107,0.89166666666666672,89.166666666666671,5,0.046728971962616821,3,True,Confidence + model agreement; Confidence + agreement + view SD + feature typicality
0.050000000000000003,5,confidence_only,Confidence only,102,0.84999999999999998,85,5,0.049019607843137254,3,False,Confidence + model agreement; Confidence + agreement + view SD + feature typicality
0.050000000000000003,5,confidence_model_agreement,Confidence + model agreement,107,0.89166666666666672,89.166666666666671,5,0.046728971962616821,3,True,Confidence + model agreement; Confidence + agreement + view SD + feature typicality
0.050000000000000003,5,confidence_view_sd,Confidence + view SD,102,0.84999999999999998,85,5,0.049019607843137254,3,False,Confidence + model agreement; Confidence + agreement + view SD + feature typicality
0.050000000000000003,5,full_reliability,Confidence + agreement + view SD + feature typicality,107,0.89166666666666672,89.166666666666671,5,0.046728971962616821,3,True,Confidence + model agreement; Confidence + agreement + view SD + feature typicality
0.053571428571428568,5.3571428571428568,confidence_only,Confidence only,102,0.84999999999999998,85,5,0.049019607843137254,3,False,Confidence + model agreement; Confidence + agreement + view SD + feature typicality
0.053571428571428568,5.3571428571428568,confidence_model_agreement,Confidence + model agreement,112,0.93333333333333335,93.333333333333329,6,0.053571428571428568,4,True,Confidence + model agreement; Confidence + agreement + view SD + feature typicality
0.053571428571428568,5.3571428571428568,confidence_view_sd,Confidence + view SD,102,0.84999999999999998,85,5,0.049019607843137254,3,False,Confidence + model agreement; Confidence + agreement + view SD + feature typicality
0.053571428571428568,5.3571428571428568,full_reliability,Confidence + agreement + view SD + feature typicality,112,0.93333333333333335,93.333333333333329,6,0.053571428571428568,4,True,Confidence + model agreement; Confidence + agreement + view SD + feature typicality
0.054054054054054057,5.4054054054054053,confidence_only,Confidence only,102,0.84999999999999998,85,5,0.049019607843137254,3,False,Confidence + model agreement; Confidence + agreement + view SD + feature typicality
0.054054054054054057,5.4054054054054053,confidence_model_agreement,Confidence + model agreement,112,0.93333333333333335,93.333333333333329,6,0.053571428571428568,4,True,Confidence + model agreement; Confidence + agreement + view SD + feature typicality
0.054054054054054057,5.4054054054054053,confidence_view_sd,Confidence + view SD,102,0.84999999999999998,85,5,0.049019607843137254,3,False,Confidence + model agreement; Confidence + agreement + view SD + feature typicality
0.054054054054054057,5.4054054054054053,full_reliability,Confidence + agreement + view SD + feature typicality,112,0.93333333333333335,93.333333333333329,6,0.053571428571428568,4,True,Confidence + model agreement; Confidence + agreement + view SD + feature typicality
0.054545454545454543,5.4545454545454541,confidence_only,Confidence only,102,0.84999999999999998,85,5,0.049019607843137254,3,False,Confidence + model agreement; Confidence + agreement + view SD + feature typicality
0.054545454545454543,5.4545454545454541,confidence_model_agreement,Confidence + model agreement,112,0.93333333333333335,93.333333333333329,6,0.053571428571428568,4,True,Confidence + model agreement; Confidence + agreement + view SD + feature typicality
0.054545454545454543,5.4545454545454541,confidence_view_sd,Confidence + view SD,102,0.84999999999999998,85,5,0.049019607843137254,3,False,Confidence + model agreement; Confidence + agreement + view SD + feature typicality
0.054545454545454543,5.4545454545454541,full_reliability,Confidence + agreement + view SD + feature typicality,112,0.93333333333333335,93.333333333333329,6,0.053571428571428568,4,True,Confidence + model agreement; Confidence + agreement + view SD + feature typicality
0.055045871559633031,5.5045871559633035,confidence_only,Confidence only,102,0.84999999999999998,85,5,0.049019607843137254,3,False,Confidence + model agreement; Confidence + agreement + view SD + feature typicality
0.055045871559633031,5.5045871559633035,confidence_model_agreement,Confidence + model agreement,112,0.93333333333333335,93.333333333333329,6,0.053571428571428568,4,True,Confidence + model agreement; Confidence + agreement + view SD + feature typicality
0.055045871559633031,5.5045871559633035,confidence_view_sd,Confidence + view SD,102,0.84999999999999998,85,5,0.049019607843137254,3,False,Confidence + model agreement; Confidence + agreement + view SD + feature typicality
0.055045871559633031,5.5045871559633035,full_reliability,Confidence + agreement + view SD + feature typicality,112,0.93333333333333335,93.333333333333329,6,0.053571428571428568,4,True,Confidence + model agreement; Confidence + agreement + view SD + feature typicality
0.055555555555555552,5.5555555555555554,confidence_only,Confidence only,102,0.84999999999999998,85,5,0.049019607843137254,3,False,Confidence + model agreement; Confidence + agreement + view SD + feature typicality
0.055555555555555552,5.5555555555555554,confidence_model_agreement,Confidence + model agreement,112,0.93333333333333335,93.333333333333329,6,0.053571428571428568,4,True,Confidence + model agreement; Confidence + agreement + view SD + feature typicality
0.055555555555555552,5.5555555555555554,confidence_view_sd,Confidence + view SD,102,0.84999999999999998,85,5,0.049019607843137254,3,False,Confidence + model agreement; Confidence + agreement + view SD + feature typicality
0.055555555555555552,5.5555555555555554,full_reliability,Confidence + agreement + view SD + feature typicality,112,0.93333333333333335,93.333333333333329,6,0.053571428571428568,4,True,Confidence + model agreement; Confidence + agreement + view SD + feature typicality
0.057142857142857141,5.7142857142857144,confidence_only,Confidence only,105,0.875,87.5,6,0.057142857142857141,4,False,Confidence + model agreement; Confidence + agreement + view SD + feature typicality
0.057142857142857141,5.7142857142857144,confidence_model_agreement,Confidence + model agreement,112,0.93333333333333335,93.333333333333329,6,0.053571428571428568,4,True,Confidence + model agreement; Confidence + agreement + view SD + feature typicality
0.057142857142857141,5.7142857142857144,confidence_view_sd,Confidence + view SD,105,0.875,87.5,6,0.057142857142857141,4,False,Confidence + model agreement; Confidence + agreement + view SD + feature typicality
0.057142857142857141,5.7142857142857144,full_reliability,Confidence + agreement + view SD + feature typicality,112,0.93333333333333335,93.333333333333329,6,0.053571428571428568,4,True,Confidence + model agreement; Confidence + agreement + view SD + feature typicality
0.057692307692307696,5.7692307692307692,confidence_only,Confidence only,105,0.875,87.5,6,0.057142857142857141,4,False,Confidence + model agreement; Confidence + agreement + view SD + feature typicality
0.057692307692307696,5.7692307692307692,confidence_model_agreement,Confidence + model agreement,112,0.93333333333333335,93.333333333333329,6,0.053571428571428568,4,True,Confidence + model agreement; Confidence + agreement + view SD + feature typicality
0.057692307692307696,5.7692307692307692,confidence_view_sd,Confidence + view SD,105,0.875,87.5,6,0.057142857142857141,4,False,Confidence + model agreement; Confidence + agreement + view SD + feature typicality
0.057692307692307696,5.7692307692307692,full_reliability,Confidence + agreement + view SD + feature typicality,112,0.93333333333333335,93.333333333333329,6,0.053571428571428568,4,True,Confidence + model agreement; Confidence + agreement + view SD + feature typicality
0.058252427184466021,5.825242718446602,confidence_only,Confidence only,105,0.875,87.5,6,0.057142857142857141,4,False,Confidence + model agreement; Confidence + agreement + view SD + feature typicality
0.058252427184466021,5.825242718446602,confidence_model_agreement,Confidence + model agreement,112,0.93333333333333335,93.333333333333329,6,0.053571428571428568,4,True,Confidence + model agreement; Confidence + agreement + view SD + feature typicality
0.058252427184466021,5.825242718446602,confidence_view_sd,Confidence + view SD,105,0.875,87.5,6,0.057142857142857141,4,False,Confidence + model agreement; Confidence + agreement + view SD + feature typicality
0.058252427184466021,5.825242718446602,full_reliability,Confidence + agreement + view SD + feature typicality,112,0.93333333333333335,93.333333333333329,6,0.053571428571428568,4,True,Confidence + model agreement; Confidence + agreement + view SD + feature typicality
0.065420560747663545,6.5420560747663545,confidence_only,Confidence only,105,0.875,87.5,6,0.057142857142857141,4,False,Confidence + model agreement; Confidence + agreement + view SD + feature typicality
0.065420560747663545,6.5420560747663545,confidence_model_agreement,Confidence + model agreement,112,0.93333333333333335,93.333333333333329,6,0.053571428571428568,4,True,Confidence + model agreement; Confidence + agreement + view SD + feature typicality
0.065420560747663545,6.5420560747663545,confidence_view_sd,Confidence + view SD,107,0.89166666666666672,89.166666666666671,7,0.065420560747663545,4,False,Confidence + model agreement; Confidence + agreement + view SD + feature typicality
0.065420560747663545,6.5420560747663545,full_reliability,Confidence + agreement + view SD + feature typicality,112,0.93333333333333335,93.333333333333329,6,0.053571428571428568,4,True,Confidence + model agreement; Confidence + agreement + view SD + feature typicality
0.066037735849056603,6.6037735849056602,confidence_only,Confidence only,106,0.8833333333333333,88.333333333333329,7,0.066037735849056603,4,False,Confidence + model agreement; Confidence + agreement + view SD + feature typicality
0.066037735849056603,6.6037735849056602,confidence_model_agreement,Confidence + model agreement,112,0.93333333333333335,93.333333333333329,6,0.053571428571428568,4,True,Confidence + model agreement; Confidence + agreement + view SD + feature typicality
0.066037735849056603,6.6037735849056602,confidence_view_sd,Confidence + view SD,107,0.89166666666666672,89.166666666666671,7,0.065420560747663545,4,False,Confidence + model agreement; Confidence + agreement + view SD + feature typicality
0.066037735849056603,6.6037735849056602,full_reliability,Confidence + agreement + view SD + feature typicality,112,0.93333333333333335,93.333333333333329,6,0.053571428571428568,4,True,Confidence + model agreement; Confidence + agreement + view SD + feature typicality
0.071428571428571425,7.1428571428571423,confidence_only,Confidence only,106,0.8833333333333333,88.333333333333329,7,0.066037735849056603,4,False,Confidence + model agreement; Confidence + view SD; Confidence + agreement + view SD + feature typicality
0.071428571428571425,7.1428571428571423,confidence_model_agreement,Confidence + model agreement,112,0.93333333333333335,93.333333333333329,6,0.053571428571428568,4,True,Confidence + model agreement; Confidence + view SD; Confidence + agreement + view SD + feature typicality
0.071428571428571425,7.1428571428571423,confidence_view_sd,Confidence + view SD,112,0.93333333333333335,93.333333333333329,8,0.071428571428571425,5,True,Confidence + model agreement; Confidence + view SD; Confidence + agreement + view SD + feature typicality
0.071428571428571425,7.1428571428571423,full_reliability,Confidence + agreement + view SD + feature typicality,112,0.93333333333333335,93.333333333333329,6,0.053571428571428568,4,True,Confidence + model agreement; Confidence + view SD; Confidence + agreement + view SD + feature typicality
0.072072072072072071,7.2072072072072073,confidence_only,Confidence only,106,0.8833333333333333,88.333333333333329,7,0.066037735849056603,4,False,Confidence + model agreement; Confidence + view SD; Confidence + agreement + view SD + feature typicality
0.072072072072072071,7.2072072072072073,confidence_model_agreement,Confidence + model agreement,112,0.93333333333333335,93.333333333333329,6,0.053571428571428568,4,True,Confidence + model agreement; Confidence + view SD; Confidence + agreement + view SD + feature typicality
0.072072072072072071,7.2072072072072073,confidence_view_sd,Confidence + view SD,112,0.93333333333333335,93.333333333333329,8,0.071428571428571425,5,True,Confidence + model agreement; Confidence + view SD; Confidence + agreement + view SD + feature typicality
0.072072072072072071,7.2072072072072073,full_reliability,Confidence + agreement + view SD + feature typicality,112,0.93333333333333335,93.333333333333329,6,0.053571428571428568,4,True,Confidence + model agreement; Confidence + view SD; Confidence + agreement + view SD + feature typicality
0.072727272727272724,7.2727272727272725,confidence_only,Confidence only,106,0.8833333333333333,88.333333333333329,7,0.066037735849056603,4,False,Confidence + model agreement; Confidence + view SD; Confidence + agreement + view SD + feature typicality
0.072727272727272724,7.2727272727272725,confidence_model_agreement,Confidence + model agreement,112,0.93333333333333335,93.333333333333329,6,0.053571428571428568,4,True,Confidence + model agreement; Confidence + view SD; Confidence + agreement + view SD + feature typicality
0.072727272727272724,7.2727272727272725,confidence_view_sd,Confidence + view SD,112,0.93333333333333335,93.333333333333329,8,0.071428571428571425,5,True,Confidence + model agreement; Confidence + view SD; Confidence + agreement + view SD + feature typicality
0.072727272727272724,7.2727272727272725,full_reliability,Confidence + agreement + view SD + feature typicality,112,0.93333333333333335,93.333333333333329,6,0.053571428571428568,4,True,Confidence + model agreement; Confidence + view SD; Confidence + agreement + view SD + feature typicality
0.073394495412844041,7.3394495412844041,confidence_only,Confidence only,109,0.90833333333333333,90.833333333333329,8,0.073394495412844041,5,False,Confidence + model agreement; Confidence + view SD; Confidence + agreement + view SD + feature typicality
0.073394495412844041,7.3394495412844041,confidence_model_agreement,Confidence + model agreement,112,0.93333333333333335,93.333333333333329,6,0.053571428571428568,4,True,Confidence + model agreement; Confidence + view SD; Confidence + agreement + view SD + feature typicality
0.073394495412844041,7.3394495412844041,confidence_view_sd,Confidence + view SD,112,0.93333333333333335,93.333333333333329,8,0.071428571428571425,5,True,Confidence + model agreement; Confidence + view SD; Confidence + agreement + view SD + feature typicality
0.073394495412844041,7.3394495412844041,full_reliability,Confidence + agreement + view SD + feature typicality,112,0.93333333333333335,93.333333333333329,6,0.053571428571428568,4,True,Confidence + model agreement; Confidence + view SD; Confidence + agreement + view SD + feature typicality
0.07407407407407407,7.4074074074074066,confidence_only,Confidence only,109,0.90833333333333333,90.833333333333329,8,0.073394495412844041,5,False,Confidence + model agreement; Confidence + view SD; Confidence + agreement + view SD + feature typicality
0.07407407407407407,7.4074074074074066,confidence_model_agreement,Confidence + model agreement,112,0.93333333333333335,93.333333333333329,6,0.053571428571428568,4,True,Confidence + model agreement; Confidence + view SD; Confidence + agreement + view SD + feature typicality
0.07407407407407407,7.4074074074074066,confidence_view_sd,Confidence + view SD,112,0.93333333333333335,93.333333333333329,8,0.071428571428571425,5,True,Confidence + model agreement; Confidence + view SD; Confidence + agreement + view SD + feature typicality
0.07407407407407407,7.4074074074074066,full_reliability,Confidence + agreement + view SD + feature typicality,112,0.93333333333333335,93.333333333333329,6,0.053571428571428568,4,True,Confidence + model agreement; Confidence + view SD; Confidence + agreement + view SD + feature typicality
0.07476635514018691,7.4766355140186906,confidence_only,Confidence only,109,0.90833333333333333,90.833333333333329,8,0.073394495412844041,5,False,Confidence + model agreement; Confidence + view SD; Confidence + agreement + view SD + feature typicality
0.07476635514018691,7.4766355140186906,confidence_model_agreement,Confidence + model agreement,112,0.93333333333333335,93.333333333333329,6,0.053571428571428568,4,True,Confidence + model agreement; Confidence + view SD; Confidence + agreement + view SD + feature typicality
0.07476635514018691,7.4766355140186906,confidence_view_sd,Confidence + view SD,112,0.93333333333333335,93.333333333333329,8,0.071428571428571425,5,True,Confidence + model agreement; Confidence + view SD; Confidence + agreement + view SD + feature typicality
0.07476635514018691,7.4766355140186906,full_reliability,Confidence + agreement + view SD + feature typicality,112,0.93333333333333335,93.333333333333329,6,0.053571428571428568,4,True,Confidence + model agreement; Confidence + view SD; Confidence + agreement + view SD + feature typicality
0.076271186440677971,7.6271186440677967,confidence_only,Confidence only,109,0.90833333333333333,90.833333333333329,8,0.073394495412844041,5,False,Confidence + view SD
0.076271186440677971,7.6271186440677967,confidence_model_agreement,Confidence + model agreement,112,0.93333333333333335,93.333333333333329,6,0.053571428571428568,4,False,Confidence + view SD
0.076271186440677971,7.6271186440677967,confidence_view_sd,Confidence + view SD,118,0.98333333333333328,98.333333333333329,9,0.076271186440677971,6,True,Confidence + view SD
0.076271186440677971,7.6271186440677967,full_reliability,Confidence + agreement + view SD + feature typicality,112,0.93333333333333335,93.333333333333329,6,0.053571428571428568,4,False,Confidence + view SD
0.076923076923076927,7.6923076923076925,confidence_only,Confidence only,109,0.90833333333333333,90.833333333333329,8,0.073394495412844041,5,False,Confidence + view SD
0.076923076923076927,7.6923076923076925,confidence_model_agreement,Confidence + model agreement,112,0.93333333333333335,93.333333333333329,6,0.053571428571428568,4,False,Confidence + view SD
0.076923076923076927,7.6923076923076925,confidence_view_sd,Confidence + view SD,118,0.98333333333333328,98.333333333333329,9,0.076271186440677971,6,True,Confidence + view SD
0.076923076923076927,7.6923076923076925,full_reliability,Confidence + agreement + view SD + feature typicality,112,0.93333333333333335,93.333333333333329,6,0.053571428571428568,4,False,Confidence + view SD
0.077586206896551727,7.7586206896551726,confidence_only,Confidence only,109,0.90833333333333333,90.833333333333329,8,0.073394495412844041,5,False,Confidence + view SD
0.077586206896551727,7.7586206896551726,confidence_model_agreement,Confidence + model agreement,112,0.93333333333333335,93.333333333333329,6,0.053571428571428568,4,False,Confidence + view SD
0.077586206896551727,7.7586206896551726,confidence_view_sd,Confidence + view SD,118,0.98333333333333328,98.333333333333329,9,0.076271186440677971,6,True,Confidence + view SD
0.077586206896551727,7.7586206896551726,full_reliability,Confidence + agreement + view SD + feature typicality,112,0.93333333333333335,93.333333333333329,6,0.053571428571428568,4,False,Confidence + view SD
0.078260869565217397,7.8260869565217401,confidence_only,Confidence only,109,0.90833333333333333,90.833333333333329,8,0.073394495412844041,5,False,Confidence + view SD
0.078260869565217397,7.8260869565217401,confidence_model_agreement,Confidence + model agreement,112,0.93333333333333335,93.333333333333329,6,0.053571428571428568,4,False,Confidence + view SD
0.078260869565217397,7.8260869565217401,confidence_view_sd,Confidence + view SD,118,0.98333333333333328,98.333333333333329,9,0.076271186440677971,6,True,Confidence + view SD
0.078260869565217397,7.8260869565217401,full_reliability,Confidence + agreement + view SD + feature typicality,112,0.93333333333333335,93.333333333333329,6,0.053571428571428568,4,False,Confidence + view SD
0.078947368421052627,7.8947368421052628,confidence_only,Confidence only,114,0.94999999999999996,95,9,0.078947368421052627,6,False,Confidence + view SD
0.078947368421052627,7.8947368421052628,confidence_model_agreement,Confidence + model agreement,112,0.93333333333333335,93.333333333333329,6,0.053571428571428568,4,False,Confidence + view SD
0.078947368421052627,7.8947368421052628,confidence_view_sd,Confidence + view SD,118,0.98333333333333328,98.333333333333329,9,0.076271186440677971,6,True,Confidence + view SD
0.078947368421052627,7.8947368421052628,full_reliability,Confidence + agreement + view SD + feature typicality,112,0.93333333333333335,93.333333333333329,6,0.053571428571428568,4,False,Confidence + view SD
0.079646017699115043,7.9646017699115044,confidence_only,Confidence only,114,0.94999999999999996,95,9,0.078947368421052627,6,False,Confidence + view SD
0.079646017699115043,7.9646017699115044,confidence_model_agreement,Confidence + model agreement,112,0.93333333333333335,93.333333333333329,6,0.053571428571428568,4,False,Confidence + view SD
0.079646017699115043,7.9646017699115044,confidence_view_sd,Confidence + view SD,118,0.98333333333333328,98.333333333333329,9,0.076271186440677971,6,True,Confidence + view SD
0.079646017699115043,7.9646017699115044,full_reliability,Confidence + agreement + view SD + feature typicality,112,0.93333333333333335,93.333333333333329,6,0.053571428571428568,4,False,Confidence + view SD
0.080357142857142863,8.0357142857142865,confidence_only,Confidence only,114,0.94999999999999996,95,9,0.078947368421052627,6,False,Confidence + view SD
0.080357142857142863,8.0357142857142865,confidence_model_agreement,Confidence + model agreement,112,0.93333333333333335,93.333333333333329,6,0.053571428571428568,4,False,Confidence + view SD
0.080357142857142863,8.0357142857142865,confidence_view_sd,Confidence + view SD,118,0.98333333333333328,98.333333333333329,9,0.076271186440677971,6,True,Confidence + view SD
0.080357142857142863,8.0357142857142865,full_reliability,Confidence + agreement + view SD + feature typicality,112,0.93333333333333335,93.333333333333329,6,0.053571428571428568,4,False,Confidence + view SD
0.081081081081081086,8.1081081081081088,confidence_only,Confidence only,114,0.94999999999999996,95,9,0.078947368421052627,6,False,Confidence + view SD
0.081081081081081086,8.1081081081081088,confidence_model_agreement,Confidence + model agreement,112,0.93333333333333335,93.333333333333329,6,0.053571428571428568,4,False,Confidence + view SD
0.081081081081081086,8.1081081081081088,confidence_view_sd,Confidence + view SD,118,0.98333333333333328,98.333333333333329,9,0.076271186440677971,6,True,Confidence + view SD
0.081081081081081086,8.1081081081081088,full_reliability,Confidence + agreement + view SD + feature typicality,112,0.93333333333333335,93.333333333333329,6,0.053571428571428568,4,False,Confidence + view SD
0.081818181818181818,8.1818181818181817,confidence_only,Confidence only,114,0.94999999999999996,95,9,0.078947368421052627,6,False,Confidence + view SD
0.081818181818181818,8.1818181818181817,confidence_model_agreement,Confidence + model agreement,112,0.93333333333333335,93.333333333333329,6,0.053571428571428568,4,False,Confidence + view SD
0.081818181818181818,8.1818181818181817,confidence_view_sd,Confidence + view SD,118,0.98333333333333328,98.333333333333329,9,0.076271186440677971,6,True,Confidence + view SD
0.081818181818181818,8.1818181818181817,full_reliability,Confidence + agreement + view SD + feature typicality,112,0.93333333333333335,93.333333333333329,6,0.053571428571428568,4,False,Confidence + view SD
0.083333333333333329,8.3333333333333321,confidence_only,Confidence only,120,1,100,10,0.083333333333333329,7,True,Confidence only; Confidence + view SD
0.083333333333333329,8.3333333333333321,confidence_model_agreement,Confidence + model agreement,112,0.93333333333333335,93.333333333333329,6,0.053571428571428568,4,False,Confidence only; Confidence + view SD
0.083333333333333329,8.3333333333333321,confidence_view_sd,Confidence + view SD,120,1,100,10,0.083333333333333329,7,True,Confidence only; Confidence + view SD
0.083333333333333329,8.3333333333333321,full_reliability,Confidence + agreement + view SD + feature typicality,112,0.93333333333333335,93.333333333333329,6,0.053571428571428568,4,False,Confidence only; Confidence + view SD
0.084033613445378158,8.4033613445378155,confidence_only,Confidence only,120,1,100,10,0.083333333333333329,7,True,Confidence only; Confidence + view SD
0.084033613445378158,8.4033613445378155,confidence_model_agreement,Confidence + model agreement,112,0.93333333333333335,93.333333333333329,6,0.053571428571428568,4,False,Confidence only; Confidence + view SD
0.084033613445378158,8.4033613445378155,confidence_view_sd,Confidence + view SD,120,1,100,10,0.083333333333333329,7,True,Confidence only; Confidence + view SD
0.084033613445378158,8.4033613445378155,full_reliability,Confidence + agreement + view SD + feature typicality,112,0.93333333333333335,93.333333333333329,6,0.053571428571428568,4,False,Confidence only; Confidence + view SD
0.084745762711864403,8.4745762711864394,confidence_only,Confidence only,120,1,100,10,0.083333333333333329,7,True,Confidence only; Confidence + view SD
0.084745762711864403,8.4745762711864394,confidence_model_agreement,Confidence + model agreement,112,0.93333333333333335,93.333333333333329,6,0.053571428571428568,4,False,Confidence only; Confidence + view SD
0.084745762711864403,8.4745762711864394,confidence_view_sd,Confidence + view SD,120,1,100,10,0.083333333333333329,7,True,Confidence only; Confidence + view SD
0.084745762711864403,8.4745762711864394,full_reliability,Confidence + agreement + view SD + feature typicality,112,0.93333333333333335,93.333333333333329,6,0.053571428571428568,4,False,Confidence only; Confidence + view SD
0.085470085470085472,8.5470085470085468,confidence_only,Confidence only,120,1,100,10,0.083333333333333329,7,True,Confidence only; Confidence + view SD
0.085470085470085472,8.5470085470085468,confidence_model_agreement,Confidence + model agreement,112,0.93333333333333335,93.333333333333329,6,0.053571428571428568,4,False,Confidence only; Confidence + view SD
0.085470085470085472,8.5470085470085468,confidence_view_sd,Confidence + view SD,120,1,100,10,0.083333333333333329,7,True,Confidence only; Confidence + view SD
0.085470085470085472,8.5470085470085468,full_reliability,Confidence + agreement + view SD + feature typicality,112,0.93333333333333335,93.333333333333329,6,0.053571428571428568,4,False,Confidence only; Confidence + view SD
0.086206896551724144,8.6206896551724146,confidence_only,Confidence only,120,1,100,10,0.083333333333333329,7,True,Confidence only; Confidence + view SD
0.086206896551724144,8.6206896551724146,confidence_model_agreement,Confidence + model agreement,112,0.93333333333333335,93.333333333333329,6,0.053571428571428568,4,False,Confidence only; Confidence + view SD
0.086206896551724144,8.6206896551724146,confidence_view_sd,Confidence + view SD,120,1,100,10,0.083333333333333329,7,True,Confidence only; Confidence + view SD
0.086206896551724144,8.6206896551724146,full_reliability,Confidence + agreement + view SD + feature typicality,112,0.93333333333333335,93.333333333333329,6,0.053571428571428568,4,False,Confidence only; Confidence + view SD
0.086956521739130432,8.695652173913043,confidence_only,Confidence only,120,1,100,10,0.083333333333333329,7,True,Confidence only; Confidence + view SD
0.086956521739130432,8.695652173913043,confidence_model_agreement,Confidence + model agreement,112,0.93333333333333335,93.333333333333329,6,0.053571428571428568,4,False,Confidence only; Confidence + view SD
0.086956521739130432,8.695652173913043,confidence_view_sd,Confidence + view SD,120,1,100,10,0.083333333333333329,7,True,Confidence only; Confidence + view SD
0.086956521739130432,8.695652173913043,full_reliability,Confidence + agreement + view SD + feature typicality,112,0.93333333333333335,93.333333333333329,6,0.053571428571428568,4,False,Confidence only; Confidence + view SD
